,IDC,Prenom,Nom_x,email,adresse
0,792,Louis,Garcimore,Louis.Garcimore@dtc.de,"Avenue des Schtroumps, 13370 Veliko Curan"
1,227,Mamadou,Pigox,Mamadou.Pigox@yopmail.com,"Boulevard de la girafouine, 50130 Montruc"
2,2011,Bodgan,Lazare,Bodgan.Lazare@hotme.com,"Hameau du hibours, 1180 Cheapbourg"
3,3708,Louis,Bouillave,Louis.Bouillave@hotme.com,"Hameau du hibours, 1180 Montruc"
4,1825,Franck,Testit,Franck.Testit@yopmail.com,"Hameau du hibours, 1180 Montruc"
5,1775,Jeanette,Pigox,Jeanette.Pigox@dtc.de,"Boulevard de la girafouine, 50130 Cheapbourg"
6,350,Laurent,Testit,Laurent.Testit@hotme.com,"Place des curkas, 50130 Veliko Curan"
7,1798,Franck,Garcimore,Franck.Garcimore@minitel.fr,"Hameau du hibours, 1180 Staro Selo"
8,1185,Bodgan,Pavlovic,Bodgan.Pavlovic@youpi.com,"Rue des bananes, 13370 Montruc"
9,915,Laurence,Garcimore,Laurence.Garcimore@youpi.com,"Rue des bananes, 1180 Cheapbourg"
10,1612,Mamadou,Maricic,Mamadou.Maricic@yopmail.com,"Hameau du hibours, 50130 Montruc"
11,1471,Jean,Garcimore,Jean.Garcimore@dtc.de,"Rue des bananes, 50130 Montruc"
12,716,Louis,Martin,Louis.Martin@hotme.com,"Avenue des Schtroumps, 50130 Veliko Curan"
13,4254,Laurence,Pavlovic,Laurence.Pavlovic@hotme.com,"Boulevard de la girafouine, 50130 Veliko Curan"
14,1842,Bodgan,Kezman,Bodgan.Kezman@youpi.com,"Rue des bananes, 50130 Cheapbourg"
15,175,Jeanette,Pigox,Jeanette.Pigox@minitel.fr,"Boulevard de la girafouine, 50130 Staro Selo"
16,1705,Laurence,Maricic,Laurence.Maricic@dtc.de,"Rue des bananes, 1180 Veliko Curan"
17,1602,Mamadou,Maricic,Mamadou.Maricic@yopmail.com,"Avenue des Schtroumps, 1180 Montruc"
18,1271,Mamadou,Pigox,Mamadou.Pigox@youpi.com,"Place des curkas, 1180 Montruc"
19,843,Jean,Testit,Jean.Testit@minitel.fr,"Boulevard de la girafouine, 50130 Staro Selo"
20,1719,Jeanette,Kezman,Jeanette.Kezman@dtc.de,"Rue des bananes, 1180 Cheapbourg"
21,1510,Josiane,Martin,Josiane.Martin@hotme.com,"Rue des bananes, 1180 Cheapbourg"
22,1865,Laurence,Testit,Laurence.Testit@gjunk.com,"Place des curkas, 1180 Staro Selo"
23,1483,Bodgan,Testit,Bodgan.Testit@youpi.com,"Rue des bananes, 13370 Cheapbourg"
24,1698,Laurent,Pavlovic,Laurent.Pavlovic@minitel.fr,"Rue des bananes, 13370 Staro Selo"
25,1396,Louis,Maricic,Louis.Maricic@gjunk.com,"Rue des bananes, 1180 Veliko Curan"
26,1890,Jean,Maricic,Jean.Maricic@gjunk.com,"Hameau du hibours, 50130 Veliko Curan"
27,954,Jeanette,Garcimore,Jeanette.Garcimore@dtc.de,"Hameau du hibours, 1180 Staro Selo"
28,1925,Mamadou,Maricic,Mamadou.Maricic@minitel.fr,"Rue des bananes, 13370 Cheapbourg"
29,1538,Jeanette,Bouillave,Jeanette.Bouillave@gjunk.com,"Boulevard de la girafouine, 13370 Montruc"
30,1056,Mamadou,Pavlovic,Mamadou.Pavlovic@yopmail.com,"Place des curkas, 50130 Veliko Curan"
31,1027,Jeanette,Testit,Jeanette.Testit@yopmail.com,"Rue des bananes, 50130 Montruc"
32,1469,Jean,Bouillave,Jean.Bouillave@hotme.com,"Place des curkas, 13370 Staro Selo"
33,1361,Laurence,Cule,Laurence.Cule@youpi.com,"Boulevard de la girafouine, 13370 Staro Selo"
34,731,Josiane,Pavlovic,Josiane.Pavlovic@minitel.fr,"Boulevard de la girafouine, 1180 Montruc"
35,1414,Laurent,Maricic,Laurent.Maricic@minitel.fr,"Place des curkas, 50130 Staro Selo"
36,2732,Bodgan,Cule,Bodgan.Cule@minitel.fr,"Place des curkas, 1180 Staro Selo"
37,153,Josiane,Pavlovic,Josiane.Pavlovic@youpi.com,"Place des curkas, 1180 Veliko Curan"
38,1472,Louis,Pavlovic,Louis.Pavlovic@gjunk.com,"Avenue des Schtroumps, 13370 Cheapbourg"
39,1038,Bodgan,Bouillave,Bodgan.Bouillave@dtc.de,"Hameau du hibours, 50130 Staro Selo"
40,1738,Josiane,Cule,Josiane.Cule@youpi.com,"Place des curkas, 1180 Montruc"
41,958,Louis,Lazare,Louis.Lazare@gjunk.com,"Rue des bananes, 1180 Montruc"
42,1091,Laurence,Bouillave,Laurence.Bouillave@hotme.com,"Hameau du hibours, 13370 Montruc"
43,581,Louis,Martin,Louis.Martin@hotme.com,"Rue des bananes, 1180 Montruc"
44,1697,Marc,Garcimore,Marc.Garcimore@minitel.fr,"Place des curkas, 13370 Montruc"
45,1104,Bodgan,Testit,Bodgan.Testit@hotme.com,"Place des curkas, 1180 Montruc"
46,1806,Marc,Testit,Marc.Testit@yopmail.com,"Avenue des Schtroumps, 13370 Veliko Curan"
47,1032,Marc,Martin,Marc.Martin@gjunk.com,"Place des curkas, 50130 Montruc"
48,1401,Louis,Pavlovic,Louis.Pavlovic@dtc.de,"Avenue des Schtroumps, 13370 Cheapbourg"
49,840,Josiane,Bouillave,Josiane.Bouillave@youpi.com,"Rue des bananes, 50130 Cheapbourg"
50,1717,Jeanette,Pigox,Jeanette.Pigox@dtc.de,"Hameau du hibours, 50130 Staro Selo"
51,279,Franck,Maricic,Franck.Maricic@youpi.com,"Place des curkas, 13370 Montruc"
52,3306,Mamadou,Bouillave,Mamadou.Bouillave@youpi.com,"Hameau du hibours, 13370 Cheapbourg"
53,1042,Louis,Testit,Louis.Testit@gjunk.com,"Boulevard de la girafouine, 1180 Staro Selo"
54,1119,Josiane,Pigox,Josiane.Pigox@youpi.com,"Boulevard de la girafouine, 1180 Cheapbourg"
55,1889,Mamadou,Lazare,Mamadou.Lazare@youpi.com,"Rue des bananes, 13370 Montruc"
56,959,Laurent,Maricic,Laurent.Maricic@hotme.com,"Place des curkas, 13370 Staro Selo"
57,1726,Franck,Pigox,Franck.Pigox@minitel.fr,"Hameau du hibours, 1180 Veliko Curan"
58,1552,Mamadou,Pigox,Mamadou.Pigox@youpi.com,"Boulevard de la girafouine, 1180 Staro Selo"
59,1766,Josiane,Pigox,Josiane.Pigox@gjunk.com,"Avenue des Schtroumps, 1180 Staro Selo"
60,1087,Mamadou,Pavlovic,Mamadou.Pavlovic@gjunk.com,"Place des curkas, 13370 Staro Selo"
61,160,Josiane,Maricic,Josiane.Maricic@minitel.fr,"Place des curkas, 1180 Montruc"
62,1512,Laurent,Pavlovic,Laurent.Pavlovic@minitel.fr,"Place des curkas, 50130 Staro Selo"
63,961,Mamadou,Cule,Mamadou.Cule@yopmail.com,"Rue des bananes, 1180 Cheapbourg"
64,2335,Laurent,Martin,Laurent.Martin@yopmail.com,"Place des curkas, 50130 Veliko Curan"
65,839,Josiane,Pigox,Josiane.Pigox@minitel.fr,"Place des curkas, 13370 Montruc"
66,2002,Mamadou,Pavlovic,Mamadou.Pavlovic@yopmail.com,"Place des curkas, 1180 Veliko Curan"
67,912,Louis,Pavlovic,Louis.Pavlovic@gjunk.com,"Avenue des Schtroumps, 1180 Montruc"
68,1746,Laurent,Cule,Laurent.Cule@hotme.com,"Rue des bananes, 13370 Staro Selo"
69,927,Franck,Cule,Franck.Cule@minitel.fr,"Hameau du hibours, 1180 Cheapbourg"
70,1174,Jean,Maricic,Jean.Maricic@dtc.de,"Rue des bananes, 1180 Veliko Curan"
71,1891,Jeanette,Garcimore,Jeanette.Garcimore@minitel.fr,"Avenue des Schtroumps, 1180 Staro Selo"
72,152,Bodgan,Pigox,Bodgan.Pigox@minitel.fr,"Place des curkas, 1180 Staro Selo"
73,1284,Mamadou,Martin,Mamadou.Martin@youpi.com,"Place des curkas, 50130 Staro Selo"
74,1947,Mamadou,Martin,Mamadou.Martin@hotme.com,"Boulevard de la girafouine, 1180 Veliko Curan"
75,1125,Josiane,Maricic,Josiane.Maricic@minitel.fr,"Hameau du hibours, 50130 Montruc"
76,1179,Laurence,Kezman,Laurence.Kezman@gjunk.com,"Avenue des Schtroumps, 1180 Veliko Curan"
77,1534,Franck,Pigox,Franck.Pigox@hotme.com,"Avenue des Schtroumps, 1180 Veliko Curan"
78,1832,Louis,Cule,Louis.Cule@dtc.de,"Place des curkas, 50130 Staro Selo"
79,1055,Mamadou,Testit,Mamadou.Testit@dtc.de,"Avenue des Schtroumps, 50130 Veliko Curan"
80,1456,Marc,Maricic,Marc.Maricic@minitel.fr,"Rue des bananes, 13370 Montruc"
81,1902,Jean,Testit,Jean.Testit@dtc.de,"Hameau du hibours, 50130 Staro Selo"
82,1557,Laurence,Martin,Laurence.Martin@youpi.com,"Rue des bananes, 13370 Staro Selo"
83,1955,Jeanette,Bouillave,Jeanette.Bouillave@gjunk.com,"Place des curkas, 50130 Veliko Curan"
84,1410,Marc,Martin,Marc.Martin@minitel.fr,"Rue des bananes, 13370 Cheapbourg"
85,1837,Franck,Martin,Franck.Martin@gjunk.com,"Avenue des Schtroumps, 13370 Montruc"
86,1614,Laurent,Kezman,Laurent.Kezman@minitel.fr,"Hameau du hibours, 13370 Veliko Curan"
87,1772,Josiane,Bouillave,Josiane.Bouillave@youpi.com,"Hameau du hibours, 13370 Staro Selo"
88,755,Jeanette,Pigox,Jeanette.Pigox@youpi.com,"Boulevard de la girafouine, 50130 Cheapbourg"
89,944,Marc,Cule,Marc.Cule@hotme.com,"Boulevard de la girafouine, 50130 Montruc"
90,1326,Laurent,Pigox,Laurent.Pigox@youpi.com,"Avenue des Schtroumps, 1180 Staro Selo"
91,491,Jeanette,Kezman,Jeanette.Kezman@minitel.fr,"Hameau du hibours, 50130 Cheapbourg"
92,1188,Louis,Cule,Louis.Cule@minitel.fr,"Avenue des Schtroumps, 13370 Montruc"
93,1124,Laurence,Martin,Laurence.Martin@yopmail.com,"Boulevard de la girafouine, 13370 Veliko Curan"
94,1145,Josiane,Bouillave,Josiane.Bouillave@youpi.com,"Boulevard de la girafouine, 50130 Staro Selo"
95,194,Josiane,Garcimore,Josiane.Garcimore@minitel.fr,"Boulevard de la girafouine, 1180 Veliko Curan"
96,103,Josiane,Lazare,Josiane.Lazare@dtc.de,"Place des curkas, 50130 Staro Selo"
97,1078,Franck,Maricic,Franck.Maricic@gjunk.com,"Boulevard de la girafouine, 1180 Staro Selo"
98,1657,Laurence,Garcimore,Laurence.Garcimore@gjunk.com,"Boulevard de la girafouine, 13370 Cheapbourg"
99,1979,Marc,Maricic,Marc.Maricic@gjunk.com,"Boulevard de la girafouine, 1180 Montruc"
100,231,Josiane,Kezman,Josiane.Kezman@dtc.de,"Hameau du hibours, 1180 Veliko Curan"
101,942,Laurence,Martin,Laurence.Martin@yopmail.com,"Place des curkas, 1180 Montruc"
102,1097,Laurent,Lazare,Laurent.Lazare@yopmail.com,"Hameau du hibours, 13370 Staro Selo"
103,776,Laurent,Garcimore,Laurent.Garcimore@youpi.com,"Rue des bananes, 13370 Staro Selo"
104,1934,Mamadou,Maricic,Mamadou.Maricic@dtc.de,"Avenue des Schtroumps, 1180 Cheapbourg"
105,1438,Franck,Martin,Franck.Martin@dtc.de,"Avenue des Schtroumps, 13370 Montruc"
106,1954,Bodgan,Lazare,Bodgan.Lazare@minitel.fr,"Rue des bananes, 13370 Veliko Curan"
107,1694,Laurent,Pavlovic,Laurent.Pavlovic@minitel.fr,"Avenue des Schtroumps, 13370 Montruc"
108,926,Jeanette,Pigox,Jeanette.Pigox@youpi.com,"Avenue des Schtroumps, 50130 Cheapbourg"
109,1630,Mamadou,Maricic,Mamadou.Maricic@hotme.com,"Hameau du hibours, 1180 Staro Selo"
110,3452,Laurence,Pigox,Laurence.Pigox@yopmail.com,"Hameau du hibours, 1180 Veliko Curan"
111,1425,Jeanette,Pavlovic,Jeanette.Pavlovic@dtc.de,"Place des curkas, 50130 Staro Selo"
112,1367,Laurent,Martin,Laurent.Martin@youpi.com,"Rue des bananes, 50130 Staro Selo"
113,1881,Louis,Bouillave,Louis.Bouillave@yopmail.com,"Hameau du hibours, 13370 Cheapbourg"
114,1918,Jean,Lazare,Jean.Lazare@minitel.fr,"Place des curkas, 13370 Montruc"
115,1791,Josiane,Martin,Josiane.Martin@gjunk.com,"Avenue des Schtroumps, 50130 Veliko Curan"
116,1348,Laurence,Pigox,Laurence.Pigox@gjunk.com,"Rue des bananes, 13370 Veliko Curan"
117,1127,Jeanette,Martin,Jeanette.Martin@dtc.de,"Place des curkas, 50130 Cheapbourg"
118,1636,Marc,Pigox,Marc.Pigox@yopmail.com,"Place des curkas, 13370 Staro Selo"
119,1382,Laurence,Kezman,Laurence.Kezman@youpi.com,"Boulevard de la girafouine, 1180 Staro Selo"
120,247,Marc,Pavlovic,Marc.Pavlovic@dtc.de,"Place des curkas, 1180 Montruc"
121,686,Marc,Maricic,Marc.Maricic@yopmail.com,"Place des curkas, 1180 Montruc"
122,1887,Jean,Lazare,Jean.Lazare@gjunk.com,"Avenue des Schtroumps, 50130 Veliko Curan"
123,1668,Marc,Cule,Marc.Cule@hotme.com,"Rue des bananes, 1180 Veliko Curan"
124,133,Louis,Lazare,Louis.Lazare@dtc.de,"Place des curkas, 1180 Veliko Curan"
125,1172,Josiane,Bouillave,Josiane.Bouillave@gjunk.com,"Place des curkas, 50130 Montruc"
126,221,Franck,Garcimore,Franck.Garcimore@dtc.de,"Place des curkas, 50130 Cheapbourg"
127,1796,Franck,Garcimore,Franck.Garcimore@dtc.de,"Rue des bananes, 13370 Staro Selo"
128,1105,Mamadou,Bouillave,Mamadou.Bouillave@hotme.com,"Avenue des Schtroumps, 1180 Montruc"
129,1402,Marc,Martin,Marc.Martin@minitel.fr,"Avenue des Schtroumps, 1180 Cheapbourg"
130,1376,Franck,Martin,Franck.Martin@hotme.com,"Place des curkas, 13370 Cheapbourg"
131,1956,Bodgan,Testit,Bodgan.Testit@hotme.com,"Avenue des Schtroumps, 13370 Cheapbourg"
132,1950,Jean,Kezman,Jean.Kezman@dtc.de,"Avenue des Schtroumps, 13370 Cheapbourg"
133,673,Laurent,Pavlovic,Laurent.Pavlovic@gjunk.com,"Hameau du hibours, 13370 Staro Selo"
134,1281,Josiane,Maricic,Josiane.Maricic@minitel.fr,"Hameau du hibours, 1180 Cheapbourg"
135,1342,Louis,Lazare,Louis.Lazare@hotme.com,"Avenue des Schtroumps, 13370 Cheapbourg"
136,1608,Laurence,Testit,Laurence.Testit@minitel.fr,"Place des curkas, 13370 Cheapbourg"
137,1687,Marc,Pigox,Marc.Pigox@minitel.fr,"Avenue des Schtroumps, 1180 Staro Selo"
138,169,Bodgan,Pavlovic,Bodgan.Pavlovic@hotme.com,"Boulevard de la girafouine, 50130 Cheapbourg"
139,1450,Laurence,Martin,Laurence.Martin@youpi.com,"Rue des bananes, 13370 Staro Selo"
140,1886,Marc,Testit,Marc.Testit@hotme.com,"Boulevard de la girafouine, 50130 Montruc"
141,3773,Jean,Maricic,Jean.Maricic@dtc.de,"Rue des bananes, 50130 Montruc"
142,1209,Louis,Pavlovic,Louis.Pavlovic@dtc.de,"Avenue des Schtroumps, 1180 Staro Selo"
143,1486,Bodgan,Cule,Bodgan.Cule@gjunk.com,"Boulevard de la girafouine, 13370 Cheapbourg"
144,1931,Jean,Martin,Jean.Martin@minitel.fr,"Hameau du hibours, 50130 Veliko Curan"
145,1259,Josiane,Testit,Josiane.Testit@yopmail.com,"Boulevard de la girafouine, 1180 Montruc"
146,1735,Jeanette,Pigox,Jeanette.Pigox@yopmail.com,"Avenue des Schtroumps, 50130 Cheapbourg"
147,249,Laurence,Martin,Laurence.Martin@minitel.fr,"Avenue des Schtroumps, 50130 Staro Selo"
148,1328,Jean,Martin,Jean.Martin@minitel.fr,"Hameau du hibours, 13370 Cheapbourg"
149,1137,Mamadou,Bouillave,Mamadou.Bouillave@youpi.com,"Avenue des Schtroumps, 50130 Staro Selo"
150,1709,Josiane,Cule,Josiane.Cule@dtc.de,"Avenue des Schtroumps, 1180 Staro Selo"
151,1497,Laurent,Garcimore,Laurent.Garcimore@gjunk.com,"Hameau du hibours, 1180 Montruc"
152,1202,Jeanette,Lazare,Jeanette.Lazare@minitel.fr,"Avenue des Schtroumps, 1180 Veliko Curan"
153,471,Bodgan,Maricic,Bodgan.Maricic@youpi.com,"Rue des bananes, 13370 Cheapbourg"
154,151,Bodgan,Cule,Bodgan.Cule@gjunk.com,"Hameau du hibours, 1180 Veliko Curan"
155,1017,Jeanette,Garcimore,Jeanette.Garcimore@hotme.com,"Boulevard de la girafouine, 50130 Staro Selo"
156,1166,Jean,Cule,Jean.Cule@gjunk.com,"Rue des bananes, 1180 Cheapbourg"
157,1982,Franck,Testit,Franck.Testit@yopmail.com,"Place des curkas, 1180 Montruc"
158,1864,Bodgan,Garcimore,Bodgan.Garcimore@yopmail.com,"Boulevard de la girafouine, 50130 Cheapbourg"
159,1167,Bodgan,Garcimore,Bodgan.Garcimore@gjunk.com,"Avenue des Schtroumps, 50130 Montruc"
160,1428,Jean,Martin,Jean.Martin@youpi.com,"Avenue des Schtroumps, 13370 Veliko Curan"
161,566,Bodgan,Cule,Bodgan.Cule@hotme.com,"Hameau du hibours, 50130 Staro Selo"
162,1176,Laurent,Lazare,Laurent.Lazare@yopmail.com,"Place des curkas, 13370 Montruc"
163,793,Josiane,Pigox,Josiane.Pigox@gjunk.com,"Place des curkas, 50130 Cheapbourg"
164,991,Laurence,Pigox,Laurence.Pigox@yopmail.com,"Rue des bananes, 50130 Veliko Curan"
165,1126,Jeanette,Bouillave,Jeanette.Bouillave@hotme.com,"Hameau du hibours, 1180 Staro Selo"
166,1304,Franck,Martin,Franck.Martin@gjunk.com,"Avenue des Schtroumps, 50130 Staro Selo"
167,1423,Mamadou,Garcimore,Mamadou.Garcimore@hotme.com,"Place des curkas, 13370 Staro Selo"
168,1076,Franck,Lazare,Franck.Lazare@hotme.com,"Avenue des Schtroumps, 1180 Veliko Curan"
169,1908,Louis,Testit,Louis.Testit@youpi.com,"Rue des bananes, 50130 Montruc"
170,430,Mamadou,Kezman,Mamadou.Kezman@dtc.de,"Place des curkas, 1180 Staro Selo"
171,1186,Mamadou,Martin,Mamadou.Martin@hotme.com,"Avenue des Schtroumps, 50130 Cheapbourg"
172,1315,Marc,Garcimore,Marc.Garcimore@youpi.com,"Avenue des Schtroumps, 13370 Montruc"
173,949,Mamadou,Cule,Mamadou.Cule@dtc.de,"Place des curkas, 1180 Staro Selo"
174,1429,Jean,Maricic,Jean.Maricic@gjunk.com,"Place des curkas, 13370 Veliko Curan"
175,275,Marc,Pavlovic,Marc.Pavlovic@gjunk.com,"Avenue des Schtroumps, 13370 Cheapbourg"
176,1466,Jeanette,Testit,Jeanette.Testit@gjunk.com,"Hameau du hibours, 13370 Montruc"
177,1894,Josiane,Martin,Josiane.Martin@yopmail.com,"Hameau du hibours, 50130 Cheapbourg"
178,1029,Franck,Pavlovic,Franck.Pavlovic@gjunk.com,"Rue des bananes, 13370 Veliko Curan"
179,1801,Mamadou,Pigox,Mamadou.Pigox@minitel.fr,"Rue des bananes, 50130 Veliko Curan"
180,1381,Jeanette,Martin,Jeanette.Martin@yopmail.com,"Rue des bananes, 1180 Staro Selo"
181,1251,Franck,Cule,Franck.Cule@minitel.fr,"Boulevard de la girafouine, 1180 Staro Selo"
182,1664,Franck,Pigox,Franck.Pigox@hotme.com,"Avenue des Schtroumps, 1180 Staro Selo"
183,2001,Laurent,Martin,Laurent.Martin@youpi.com,"Place des curkas, 50130 Veliko Curan"
184,1077,Louis,Pavlovic,Louis.Pavlovic@minitel.fr,"Boulevard de la girafouine, 1180 Staro Selo"
185,1544,Laurence,Kezman,Laurence.Kezman@yopmail.com,"Place des curkas, 1180 Veliko Curan"
186,378,Jeanette,Garcimore,Jeanette.Garcimore@yopmail.com,"Boulevard de la girafouine, 50130 Staro Selo"
187,406,Marc,Maricic,Marc.Maricic@gjunk.com,"Place des curkas, 13370 Veliko Curan"
188,826,Louis,Garcimore,Louis.Garcimore@hotme.com,"Avenue des Schtroumps, 1180 Montruc"
189,302,Laurence,Cule,Laurence.Cule@minitel.fr,"Place des curkas, 1180 Veliko Curan"
190,1559,Jean,Kezman,Jean.Kezman@youpi.com,"Boulevard de la girafouine, 1180 Staro Selo"
191,1577,Bodgan,Pigox,Bodgan.Pigox@gjunk.com,"Place des curkas, 50130 Montruc"
192,1207,Marc,Testit,Marc.Testit@dtc.de,"Rue des bananes, 13370 Montruc"
193,821,Jean,Martin,Jean.Martin@gjunk.com,"Rue des bananes, 1180 Veliko Curan"
194,1347,Franck,Garcimore,Franck.Garcimore@yopmail.com,"Avenue des Schtroumps, 13370 Staro Selo"
195,1674,Jeanette,Testit,Jeanette.Testit@gjunk.com,"Avenue des Schtroumps, 13370 Montruc"
196,2985,Bodgan,Martin,Bodgan.Martin@hotme.com,"Avenue des Schtroumps, 13370 Cheapbourg"
197,354,Marc,Martin,Marc.Martin@yopmail.com,"Avenue des Schtroumps, 13370 Staro Selo"
198,987,Bodgan,Pavlovic,Bodgan.Pavlovic@hotme.com,"Hameau du hibours, 50130 Cheapbourg"
199,638,Jeanette,Garcimore,Jeanette.Garcimore@yopmail.com,"Boulevard de la girafouine, 1180 Veliko Curan"
200,1907,Louis,Cule,Louis.Cule@yopmail.com,"Boulevard de la girafouine, 50130 Montruc"
201,1248,Louis,Pavlovic,Louis.Pavlovic@youpi.com,"Rue des bananes, 13370 Cheapbourg"
202,2881,Laurent,Testit,Laurent.Testit@youpi.com,"Avenue des Schtroumps, 50130 Veliko Curan"
203,1053,Louis,Testit,Louis.Testit@hotme.com,"Rue des bananes, 13370 Veliko Curan"
204,1615,Bodgan,Kezman,Bodgan.Kezman@hotme.com,"Boulevard de la girafouine, 13370 Montruc"
205,1744,Jeanette,Kezman,Jeanette.Kezman@yopmail.com,"Hameau du hibours, 50130 Cheapbourg"
206,930,Josiane,Bouillave,Josiane.Bouillave@youpi.com,"Boulevard de la girafouine, 1180 Veliko Curan"
207,1937,Marc,Martin,Marc.Martin@dtc.de,"Rue des bananes, 13370 Cheapbourg"
208,996,Louis,Garcimore,Louis.Garcimore@minitel.fr,"Place des curkas, 1180 Cheapbourg"
209,1802,Louis,Garcimore,Louis.Garcimore@dtc.de,"Avenue des Schtroumps, 1180 Cheapbourg"
210,1106,Marc,Maricic,Marc.Maricic@minitel.fr,"Place des curkas, 1180 Staro Selo"
211,1900,Marc,Martin,Marc.Martin@youpi.com,"Place des curkas, 13370 Staro Selo"
212,687,Laurent,Garcimore,Laurent.Garcimore@yopmail.com,"Hameau du hibours, 13370 Cheapbourg"
213,1760,Marc,Lazare,Marc.Lazare@dtc.de,"Rue des bananes, 50130 Veliko Curan"
214,1006,Josiane,Bouillave,Josiane.Bouillave@yopmail.com,"Hameau du hibours, 1180 Staro Selo"
215,1722,Bodgan,Pavlovic,Bodgan.Pavlovic@gjunk.com,"Place des curkas, 50130 Montruc"
216,1961,Mamadou,Testit,Mamadou.Testit@gjunk.com,"Hameau du hibours, 13370 Veliko Curan"
217,1778,Jeanette,Martin,Jeanette.Martin@yopmail.com,"Avenue des Schtroumps, 50130 Cheapbourg"
218,1652,Josiane,Cule,Josiane.Cule@youpi.com,"Boulevard de la girafouine, 13370 Staro Selo"
219,970,Laurence,Bouillave,Laurence.Bouillave@yopmail.com,"Rue des bananes, 1180 Cheapbourg"
220,1621,Bodgan,Bouillave,Bodgan.Bouillave@minitel.fr,"Rue des bananes, 13370 Veliko Curan"
221,1773,Laurence,Martin,Laurence.Martin@minitel.fr,"Avenue des Schtroumps, 50130 Staro Selo"
222,1667,Jeanette,Lazare,Jeanette.Lazare@dtc.de,"Hameau du hibours, 13370 Montruc"
223,1861,Jeanette,Pigox,Jeanette.Pigox@dtc.de,"Boulevard de la girafouine, 13370 Montruc"
224,1988,Marc,Lazare,Marc.Lazare@dtc.de,"Avenue des Schtroumps, 13370 Veliko Curan"
225,1550,Jean,Lazare,Jean.Lazare@hotme.com,"Rue des bananes, 13370 Veliko Curan"
226,1762,Marc,Lazare,Marc.Lazare@gjunk.com,"Boulevard de la girafouine, 50130 Staro Selo"
227,1991,Jean,Pigox,Jean.Pigox@dtc.de,"Place des curkas, 50130 Staro Selo"
228,1845,Bodgan,Bouillave,Bodgan.Bouillave@hotme.com,"Place des curkas, 50130 Montruc"
229,1543,Jean,Testit,Jean.Testit@yopmail.com,"Rue des bananes, 50130 Veliko Curan"
230,1573,Jeanette,Bouillave,Jeanette.Bouillave@dtc.de,"Rue des bananes, 1180 Staro Selo"
231,1507,Mamadou,Lazare,Mamadou.Lazare@yopmail.com,"Place des curkas, 13370 Staro Selo"
232,3164,Franck,Lazare,Franck.Lazare@yopmail.com,"Rue des bananes, 13370 Staro Selo"
233,1385,Franck,Testit,Franck.Testit@youpi.com,"Avenue des Schtroumps, 13370 Montruc"
234,1893,Mamadou,Maricic,Mamadou.Maricic@youpi.com,"Place des curkas, 13370 Montruc"
235,2114,Franck,Pigox,Franck.Pigox@gjunk.com,"Hameau du hibours, 13370 Staro Selo"
236,1812,Jeanette,Martin,Jeanette.Martin@youpi.com,"Place des curkas, 50130 Montruc"
237,3265,Laurence,Lazare,Laurence.Lazare@minitel.fr,"Hameau du hibours, 13370 Staro Selo"
238,1701,Laurent,Garcimore,Laurent.Garcimore@dtc.de,"Place des curkas, 1180 Cheapbourg"
239,1964,Louis,Testit,Louis.Testit@youpi.com,"Hameau du hibours, 50130 Cheapbourg"
240,802,Louis,Pavlovic,Louis.Pavlovic@dtc.de,"Avenue des Schtroumps, 50130 Cheapbourg"
241,925,Mamadou,Pigox,Mamadou.Pigox@dtc.de,"Place des curkas, 1180 Cheapbourg"
242,1618,Laurent,Maricic,Laurent.Maricic@gjunk.com,"Hameau du hibours, 1180 Veliko Curan"
243,917,Laurent,Maricic,Laurent.Maricic@dtc.de,"Place des curkas, 1180 Staro Selo"
244,1924,Louis,Testit,Louis.Testit@dtc.de,"Rue des bananes, 13370 Staro Selo"
245,1157,Franck,Martin,Franck.Martin@yopmail.com,"Hameau du hibours, 1180 Staro Selo"
246,1394,Jeanette,Pigox,Jeanette.Pigox@youpi.com,"Avenue des Schtroumps, 1180 Staro Selo"
247,95,Laurent,Garcimore,Laurent.Garcimore@minitel.fr,"Hameau du hibours, 13370 Cheapbourg"
248,1601,Louis,Garcimore,Louis.Garcimore@gjunk.com,"Boulevard de la girafouine, 13370 Montruc"
249,341,Jean,Pigox,Jean.Pigox@yopmail.com,"Avenue des Schtroumps, 13370 Cheapbourg"
250,1108,Louis,Martin,Louis.Martin@hotme.com,"Boulevard de la girafouine, 50130 Montruc"
251,1086,Louis,Pavlovic,Louis.Pavlovic@minitel.fr,"Place des curkas, 13370 Montruc"
252,1914,Laurence,Pigox,Laurence.Pigox@yopmail.com,"Rue des bananes, 1180 Cheapbourg"
253,2186,Laurence,Testit,Laurence.Testit@gjunk.com,"Boulevard de la girafouine, 50130 Cheapbourg"
254,1877,Laurence,Martin,Laurence.Martin@gjunk.com,"Avenue des Schtroumps, 50130 Veliko Curan"
255,1026,Louis,Lazare,Louis.Lazare@minitel.fr,"Place des curkas, 1180 Montruc"
256,736,Jeanette,Cule,Jeanette.Cule@minitel.fr,"Hameau du hibours, 1180 Staro Selo"
257,534,Franck,Bouillave,Franck.Bouillave@youpi.com,"Rue des bananes, 13370 Montruc"
258,1364,Mamadou,Maricic,Mamadou.Maricic@dtc.de,"Boulevard de la girafouine, 1180 Staro Selo"
259,1800,Marc,Lazare,Marc.Lazare@yopmail.com,"Boulevard de la girafouine, 13370 Staro Selo"
260,1120,Bodgan,Lazare,Bodgan.Lazare@yopmail.com,"Place des curkas, 1180 Cheapbourg"
261,1008,Louis,Pigox,Louis.Pigox@minitel.fr,"Avenue des Schtroumps, 13370 Montruc"
262,1338,Bodgan,Garcimore,Bodgan.Garcimore@dtc.de,"Hameau du hibours, 1180 Staro Selo"
263,1217,Jean,Lazare,Jean.Lazare@dtc.de,"Hameau du hibours, 50130 Veliko Curan"
264,1734,Bodgan,Garcimore,Bodgan.Garcimore@yopmail.com,"Place des curkas, 13370 Staro Selo"
265,414,Mamadou,Martin,Mamadou.Martin@dtc.de,"Rue des bananes, 1180 Veliko Curan"
266,1830,Franck,Martin,Franck.Martin@youpi.com,"Avenue des Schtroumps, 13370 Montruc"
267,1321,Jean,Kezman,Jean.Kezman@minitel.fr,"Rue des bananes, 13370 Cheapbourg"
268,2722,Jean,Bouillave,Jean.Bouillave@hotme.com,"Avenue des Schtroumps, 1180 Cheapbourg"
269,1909,Louis,Pavlovic,Louis.Pavlovic@hotme.com,"Rue des bananes, 50130 Cheapbourg"
270,1584,Marc,Lazare,Marc.Lazare@youpi.com,"Place des curkas, 1180 Veliko Curan"
271,1308,Franck,Kezman,Franck.Kezman@hotme.com,"Avenue des Schtroumps, 13370 Montruc"
272,1283,Mamadou,Cule,Mamadou.Cule@minitel.fr,"Hameau du hibours, 13370 Veliko Curan"
273,320,Franck,Kezman,Franck.Kezman@minitel.fr,"Rue des bananes, 50130 Montruc"
274,1253,Laurent,Kezman,Laurent.Kezman@gjunk.com,"Boulevard de la girafouine, 13370 Montruc"
275,940,Josiane,Pavlovic,Josiane.Pavlovic@gjunk.com,"Rue des bananes, 50130 Veliko Curan"
276,1007,Laurence,Pavlovic,Laurence.Pavlovic@yopmail.com,"Avenue des Schtroumps, 13370 Montruc"
277,2153,Laurent,Cule,Laurent.Cule@hotme.com,"Avenue des Schtroumps, 1180 Staro Selo"
278,1655,Franck,Pigox,Franck.Pigox@gjunk.com,"Avenue des Schtroumps, 1180 Staro Selo"
279,1651,Louis,Bouillave,Louis.Bouillave@dtc.de,"Rue des bananes, 50130 Montruc"
280,1578,Marc,Lazare,Marc.Lazare@dtc.de,"Avenue des Schtroumps, 1180 Staro Selo"
281,1606,Jeanette,Martin,Jeanette.Martin@minitel.fr,"Hameau du hibours, 1180 Cheapbourg"
282,813,Bodgan,Pigox,Bodgan.Pigox@yopmail.com,"Rue des bananes, 50130 Veliko Curan"
283,1739,Jeanette,Bouillave,Jeanette.Bouillave@dtc.de,"Place des curkas, 50130 Veliko Curan"
284,1754,Franck,Lazare,Franck.Lazare@minitel.fr,"Avenue des Schtroumps, 13370 Staro Selo"
285,1625,Franck,Maricic,Franck.Maricic@yopmail.com,"Boulevard de la girafouine, 50130 Cheapbourg"
286,1826,Louis,Testit,Louis.Testit@youpi.com,"Hameau du hibours, 1180 Cheapbourg"
287,1018,Franck,Garcimore,Franck.Garcimore@yopmail.com,"Place des curkas, 1180 Cheapbourg"
288,1779,Laurence,Testit,Laurence.Testit@gjunk.com,"Place des curkas, 13370 Staro Selo"
289,1939,Marc,Lazare,Marc.Lazare@minitel.fr,"Hameau du hibours, 50130 Staro Selo"
290,1672,Laurence,Pavlovic,Laurence.Pavlovic@minitel.fr,"Place des curkas, 13370 Staro Selo"
291,1064,Franck,Cule,Franck.Cule@hotme.com,"Boulevard de la girafouine, 1180 Veliko Curan"
292,1024,Laurent,Pavlovic,Laurent.Pavlovic@minitel.fr,"Place des curkas, 13370 Staro Selo"
293,2266,Louis,Pigox,Louis.Pigox@gjunk.com,"Avenue des Schtroumps, 1180 Montruc"
294,90,Franck,Bouillave,Franck.Bouillave@youpi.com,"Place des curkas, 1180 Staro Selo"
295,1352,Louis,Martin,Louis.Martin@minitel.fr,"Rue des bananes, 1180 Montruc"
296,1659,Jeanette,Bouillave,Jeanette.Bouillave@yopmail.com,"Place des curkas, 13370 Cheapbourg"
297,1153,Franck,Cule,Franck.Cule@yopmail.com,"Boulevard de la girafouine, 13370 Montruc"
298,1171,Franck,Testit,Franck.Testit@youpi.com,"Avenue des Schtroumps, 50130 Montruc"
299,1598,Mamadou,Testit,Mamadou.Testit@youpi.com,"Avenue des Schtroumps, 1180 Staro Selo"
300,1711,Marc,Martin,Marc.Martin@minitel.fr,"Boulevard de la girafouine, 1180 Veliko Curan"
301,795,Laurent,Kezman,Laurent.Kezman@hotme.com,"Place des curkas, 13370 Montruc"
302,1314,Franck,Martin,Franck.Martin@dtc.de,"Avenue des Schtroumps, 1180 Cheapbourg"
303,1075,Mamadou,Cule,Mamadou.Cule@yopmail.com,"Hameau du hibours, 1180 Veliko Curan"
304,1745,Louis,Martin,Louis.Martin@minitel.fr,"Place des curkas, 50130 Staro Selo"
305,1803,Louis,Garcimore,Louis.Garcimore@youpi.com,"Place des curkas, 50130 Cheapbourg"
306,1037,Bodgan,Lazare,Bodgan.Lazare@minitel.fr,"Rue des bananes, 13370 Veliko Curan"
307,1899,Laurent,Pigox,Laurent.Pigox@gjunk.com,"Rue des bananes, 1180 Montruc"
308,1685,Mamadou,Kezman,Mamadou.Kezman@hotme.com,"Rue des bananes, 13370 Cheapbourg"
309,1311,Mamadou,Garcimore,Mamadou.Garcimore@gjunk.com,"Avenue des Schtroumps, 1180 Veliko Curan"
310,398,Laurent,Bouillave,Laurent.Bouillave@minitel.fr,"Place des curkas, 13370 Cheapbourg"
311,1206,Marc,Pavlovic,Marc.Pavlovic@yopmail.com,"Hameau du hibours, 50130 Montruc"
312,507,Laurence,Kezman,Laurence.Kezman@yopmail.com,"Rue des bananes, 50130 Veliko Curan"
313,1175,Jeanette,Garcimore,Jeanette.Garcimore@hotme.com,"Boulevard de la girafouine, 13370 Veliko Curan"
314,1140,Laurence,Pigox,Laurence.Pigox@yopmail.com,"Hameau du hibours, 13370 Staro Selo"
315,1634,Louis,Cule,Louis.Cule@gjunk.com,"Hameau du hibours, 13370 Montruc"
316,1142,Marc,Martin,Marc.Martin@dtc.de,"Boulevard de la girafouine, 50130 Cheapbourg"
317,379,Bodgan,Lazare,Bodgan.Lazare@yopmail.com,"Hameau du hibours, 50130 Staro Selo"
318,1765,Jean,Martin,Jean.Martin@youpi.com,"Place des curkas, 50130 Veliko Curan"
319,1844,Laurent,Cule,Laurent.Cule@dtc.de,"Hameau du hibours, 13370 Veliko Curan"
320,1953,Laurent,Kezman,Laurent.Kezman@youpi.com,"Boulevard de la girafouine, 13370 Montruc"
321,1619,Mamadou,Pavlovic,Mamadou.Pavlovic@youpi.com,"Rue des bananes, 1180 Staro Selo"
322,1807,Laurent,Bouillave,Laurent.Bouillave@minitel.fr,"Place des curkas, 13370 Montruc"
323,1448,Bodgan,Pavlovic,Bodgan.Pavlovic@minitel.fr,"Rue des bananes, 13370 Veliko Curan"
324,1113,Jean,Lazare,Jean.Lazare@hotme.com,"Rue des bananes, 50130 Cheapbourg"
325,1118,Josiane,Pigox,Josiane.Pigox@dtc.de,"Avenue des Schtroumps, 1180 Staro Selo"
326,1193,Mamadou,Pigox,Mamadou.Pigox@youpi.com,"Hameau du hibours, 1180 Montruc"
327,1096,Marc,Lazare,Marc.Lazare@minitel.fr,"Hameau du hibours, 1180 Montruc"
328,1300,Laurent,Testit,Laurent.Testit@minitel.fr,"Hameau du hibours, 50130 Cheapbourg"
329,1631,Josiane,Maricic,Josiane.Maricic@gjunk.com,"Hameau du hibours, 50130 Staro Selo"
330,1434,Franck,Testit,Franck.Testit@dtc.de,"Boulevard de la girafouine, 1180 Cheapbourg"
331,374,Jean,Pigox,Jean.Pigox@gjunk.com,"Hameau du hibours, 13370 Veliko Curan"
332,1984,Laurent,Lazare,Laurent.Lazare@gjunk.com,"Place des curkas, 50130 Montruc"
333,1067,Louis,Lazare,Louis.Lazare@youpi.com,"Rue des bananes, 1180 Cheapbourg"
334,1263,Franck,Maricic,Franck.Maricic@hotme.com,"Hameau du hibours, 50130 Staro Selo"
335,1046,Louis,Pavlovic,Louis.Pavlovic@yopmail.com,"Avenue des Schtroumps, 50130 Veliko Curan"
336,1758,Laurence,Testit,Laurence.Testit@youpi.com,"Avenue des Schtroumps, 13370 Staro Selo"
337,1132,Franck,Testit,Franck.Testit@yopmail.com,"Boulevard de la girafouine, 13370 Veliko Curan"
338,1548,Marc,Cule,Marc.Cule@minitel.fr,"Avenue des Schtroumps, 1180 Montruc"
339,306,Louis,Maricic,Louis.Maricic@hotme.com,"Hameau du hibours, 13370 Cheapbourg"
340,96,Louis,Martin,Louis.Martin@yopmail.com,"Boulevard de la girafouine, 50130 Montruc"
341,1585,Bodgan,Garcimore,Bodgan.Garcimore@minitel.fr,"Rue des bananes, 13370 Staro Selo"
342,1378,Jeanette,Kezman,Jeanette.Kezman@yopmail.com,"Avenue des Schtroumps, 1180 Staro Selo"
343,1379,Laurent,Bouillave,Laurent.Bouillave@youpi.com,"Place des curkas, 1180 Montruc"
344,1116,Mamadou,Lazare,Mamadou.Lazare@yopmail.com,"Hameau du hibours, 13370 Cheapbourg"
345,1673,Franck,Kezman,Franck.Kezman@dtc.de,"Place des curkas, 13370 Cheapbourg"
346,1854,Marc,Maricic,Marc.Maricic@minitel.fr,"Avenue des Schtroumps, 50130 Cheapbourg"
347,1724,Mamadou,Testit,Mamadou.Testit@gjunk.com,"Avenue des Schtroumps, 13370 Cheapbourg"
348,271,Franck,Bouillave,Franck.Bouillave@youpi.com,"Place des curkas, 13370 Veliko Curan"
349,1398,Louis,Lazare,Louis.Lazare@youpi.com,"Hameau du hibours, 50130 Cheapbourg"
350,1838,Bodgan,Cule,Bodgan.Cule@hotme.com,"Boulevard de la girafouine, 1180 Veliko Curan"
351,799,Louis,Cule,Louis.Cule@hotme.com,"Hameau du hibours, 13370 Montruc"
352,1102,Josiane,Martin,Josiane.Martin@dtc.de,"Hameau du hibours, 50130 Staro Selo"
353,1730,Franck,Maricic,Franck.Maricic@youpi.com,"Boulevard de la girafouine, 13370 Montruc"
354,1499,Franck,Bouillave,Franck.Bouillave@yopmail.com,"Boulevard de la girafouine, 50130 Cheapbourg"
355,1072,Laurence,Pigox,Laurence.Pigox@gjunk.com,"Place des curkas, 13370 Staro Selo"
356,715,Mamadou,Martin,Mamadou.Martin@dtc.de,"Rue des bananes, 1180 Montruc"
357,1926,Josiane,Garcimore,Josiane.Garcimore@hotme.com,"Hameau du hibours, 1180 Cheapbourg"
358,202,Josiane,Pigox,Josiane.Pigox@youpi.com,"Hameau du hibours, 50130 Veliko Curan"
359,1194,Josiane,Pavlovic,Josiane.Pavlovic@youpi.com,"Hameau du hibours, 13370 Cheapbourg"
360,1994,Laurence,Maricic,Laurence.Maricic@minitel.fr,"Avenue des Schtroumps, 50130 Staro Selo"
361,1400,Mamadou,Testit,Mamadou.Testit@gjunk.com,"Boulevard de la girafouine, 1180 Cheapbourg"
362,1654,Laurence,Maricic,Laurence.Maricic@minitel.fr,"Boulevard de la girafouine, 50130 Montruc"
363,1305,Louis,Martin,Louis.Martin@minitel.fr,"Avenue des Schtroumps, 1180 Veliko Curan"
364,1043,Jeanette,Lazare,Jeanette.Lazare@yopmail.com,"Hameau du hibours, 1180 Staro Selo"
365,77,Louis,Pigox,Louis.Pigox@minitel.fr,"Rue des bananes, 1180 Veliko Curan"
366,1764,Bodgan,Martin,Bodgan.Martin@gjunk.com,"Place des curkas, 13370 Veliko Curan"
367,1949,Bodgan,Pavlovic,Bodgan.Pavlovic@gjunk.com,"Place des curkas, 13370 Staro Selo"
368,1366,Franck,Martin,Franck.Martin@youpi.com,"Rue des bananes, 13370 Montruc"
369,1178,Laurence,Testit,Laurence.Testit@minitel.fr,"Hameau du hibours, 13370 Cheapbourg"
370,1068,Laurence,Maricic,Laurence.Maricic@youpi.com,"Hameau du hibours, 13370 Veliko Curan"
371,1741,Franck,Pigox,Franck.Pigox@minitel.fr,"Boulevard de la girafouine, 1180 Montruc"
372,1833,Mamadou,Testit,Mamadou.Testit@yopmail.com,"Place des curkas, 13370 Staro Selo"
373,1442,Mamadou,Martin,Mamadou.Martin@yopmail.com,"Place des curkas, 50130 Staro Selo"
374,1752,Laurence,Garcimore,Laurence.Garcimore@hotme.com,"Place des curkas, 50130 Cheapbourg"
375,1487,Josiane,Pavlovic,Josiane.Pavlovic@hotme.com,"Boulevard de la girafouine, 50130 Veliko Curan"
376,828,Marc,Martin,Marc.Martin@hotme.com,"Avenue des Schtroumps, 13370 Veliko Curan"
377,642,Marc,Lazare,Marc.Lazare@minitel.fr,"Hameau du hibours, 1180 Montruc"
378,1244,Jeanette,Testit,Jeanette.Testit@yopmail.com,"Hameau du hibours, 13370 Veliko Curan"
379,79,Franck,Testit,Franck.Testit@yopmail.com,"Avenue des Schtroumps, 13370 Veliko Curan"
380,1708,Franck,Testit,Franck.Testit@youpi.com,"Avenue des Schtroumps, 50130 Cheapbourg"
381,1683,Jean,Lazare,Jean.Lazare@gjunk.com,"Rue des bananes, 13370 Montruc"
382,1052,Franck,Pigox,Franck.Pigox@minitel.fr,"Avenue des Schtroumps, 50130 Staro Selo"
383,1732,Josiane,Kezman,Josiane.Kezman@yopmail.com,"Place des curkas, 1180 Cheapbourg"
384,1878,Louis,Lazare,Louis.Lazare@yopmail.com,"Avenue des Schtroumps, 1180 Staro Selo"
385,1365,Bodgan,Testit,Bodgan.Testit@dtc.de,"Boulevard de la girafouine, 1180 Staro Selo"
386,1187,Mamadou,Martin,Mamadou.Martin@dtc.de,"Rue des bananes, 50130 Veliko Curan"
387,105,Mamadou,Testit,Mamadou.Testit@yopmail.com,"Hameau du hibours, 13370 Staro Selo"
388,1588,Mamadou,Bouillave,Mamadou.Bouillave@youpi.com,"Hameau du hibours, 50130 Cheapbourg"
389,168,Josiane,Garcimore,Josiane.Garcimore@minitel.fr,"Boulevard de la girafouine, 50130 Cheapbourg"
390,211,Josiane,Kezman,Josiane.Kezman@dtc.de,"Place des curkas, 13370 Staro Selo"
391,728,Josiane,Cule,Josiane.Cule@minitel.fr,"Place des curkas, 13370 Montruc"
392,995,Jean,Kezman,Jean.Kezman@minitel.fr,"Avenue des Schtroumps, 1180 Veliko Curan"
393,1831,Marc,Cule,Marc.Cule@youpi.com,"Hameau du hibours, 13370 Veliko Curan"
394,1904,Bodgan,Martin,Bodgan.Martin@gjunk.com,"Hameau du hibours, 1180 Veliko Curan"
395,1804,Franck,Lazare,Franck.Lazare@dtc.de,"Rue des bananes, 50130 Montruc"
396,1249,Marc,Maricic,Marc.Maricic@gjunk.com,"Rue des bananes, 50130 Veliko Curan"
397,1929,Franck,Lazare,Franck.Lazare@youpi.com,"Avenue des Schtroumps, 50130 Cheapbourg"
398,1369,Louis,Testit,Louis.Testit@gjunk.com,"Hameau du hibours, 50130 Montruc"
399,787,Bodgan,Pavlovic,Bodgan.Pavlovic@minitel.fr,"Hameau du hibours, 1180 Veliko Curan"
400,1147,Laurence,Cule,Laurence.Cule@minitel.fr,"Place des curkas, 50130 Veliko Curan"
401,1862,Marc,Cule,Marc.Cule@youpi.com,"Rue des bananes, 1180 Veliko Curan"
402,1030,Laurence,Garcimore,Laurence.Garcimore@hotme.com,"Place des curkas, 1180 Staro Selo"
403,1839,Mamadou,Maricic,Mamadou.Maricic@gjunk.com,"Avenue des Schtroumps, 13370 Staro Selo"
404,1985,Mamadou,Kezman,Mamadou.Kezman@hotme.com,"Boulevard de la girafouine, 50130 Veliko Curan"
405,2408,Bodgan,Maricic,Bodgan.Maricic@minitel.fr,"Hameau du hibours, 13370 Veliko Curan"
406,1841,Louis,Garcimore,Louis.Garcimore@yopmail.com,"Hameau du hibours, 13370 Veliko Curan"
407,1755,Laurence,Pavlovic,Laurence.Pavlovic@hotme.com,"Boulevard de la girafouine, 1180 Montruc"
408,1475,Josiane,Maricic,Josiane.Maricic@gjunk.com,"Place des curkas, 13370 Staro Selo"
409,1895,Franck,Kezman,Franck.Kezman@minitel.fr,"Avenue des Schtroumps, 1180 Staro Selo"
410,1462,Louis,Cule,Louis.Cule@dtc.de,"Place des curkas, 1180 Cheapbourg"
411,1795,Jean,Lazare,Jean.Lazare@hotme.com,"Avenue des Schtroumps, 50130 Montruc"
412,1848,Jeanette,Pigox,Jeanette.Pigox@gjunk.com,"Hameau du hibours, 1180 Veliko Curan"
413,1789,Laurence,Pigox,Laurence.Pigox@yopmail.com,"Rue des bananes, 1180 Cheapbourg"
414,1004,Louis,Bouillave,Louis.Bouillave@youpi.com,"Hameau du hibours, 50130 Veliko Curan"
415,1725,Marc,Maricic,Marc.Maricic@gjunk.com,"Hameau du hibours, 13370 Montruc"
416,1533,Jeanette,Pigox,Jeanette.Pigox@dtc.de,"Hameau du hibours, 50130 Veliko Curan"
417,1696,Jean,Pigox,Jean.Pigox@gjunk.com,"Place des curkas, 13370 Staro Selo"
418,709,Franck,Testit,Franck.Testit@youpi.com,"Hameau du hibours, 13370 Staro Selo"
419,1408,Jeanette,Bouillave,Jeanette.Bouillave@hotme.com,"Avenue des Schtroumps, 1180 Cheapbourg"
420,1099,Marc,Cule,Marc.Cule@yopmail.com,"Place des curkas, 50130 Staro Selo"
421,1856,Jean,Martin,Jean.Martin@gjunk.com,"Boulevard de la girafouine, 1180 Staro Selo"
422,1981,Jeanette,Pavlovic,Jeanette.Pavlovic@minitel.fr,"Place des curkas, 1180 Staro Selo"
423,1906,Franck,Martin,Franck.Martin@gjunk.com,"Hameau du hibours, 50130 Montruc"
424,1066,Jean,Lazare,Jean.Lazare@youpi.com,"Place des curkas, 1180 Staro Selo"
425,1695,Laurent,Lazare,Laurent.Lazare@hotme.com,"Hameau du hibours, 50130 Montruc"
426,1816,Marc,Testit,Marc.Testit@gjunk.com,"Rue des bananes, 13370 Staro Selo"
427,4183,Marc,Pavlovic,Marc.Pavlovic@yopmail.com,"Avenue des Schtroumps, 13370 Staro Selo"
428,1502,Jean,Maricic,Jean.Maricic@dtc.de,"Boulevard de la girafouine, 50130 Cheapbourg"
429,1971,Laurence,Lazare,Laurence.Lazare@gjunk.com,"Rue des bananes, 50130 Staro Selo"
430,1990,Jeanette,Bouillave,Jeanette.Bouillave@dtc.de,"Place des curkas, 50130 Staro Selo"
431,1256,Louis,Kezman,Louis.Kezman@gjunk.com,"Boulevard de la girafouine, 13370 Veliko Curan"
432,1054,Mamadou,Pigox,Mamadou.Pigox@gjunk.com,"Rue des bananes, 1180 Veliko Curan"
433,1380,Bodgan,Pavlovic,Bodgan.Pavlovic@yopmail.com,"Rue des bananes, 50130 Montruc"
434,810,Jeanette,Maricic,Jeanette.Maricic@yopmail.com,"Boulevard de la girafouine, 1180 Veliko Curan"
435,1650,Franck,Pigox,Franck.Pigox@youpi.com,"Avenue des Schtroumps, 50130 Cheapbourg"
436,1653,Jean,Pigox,Jean.Pigox@gjunk.com,"Hameau du hibours, 13370 Staro Selo"
437,1258,Franck,Maricic,Franck.Maricic@dtc.de,"Avenue des Schtroumps, 1180 Montruc"
438,1536,Louis,Kezman,Louis.Kezman@gjunk.com,"Avenue des Schtroumps, 13370 Montruc"
439,2676,Laurent,Garcimore,Laurent.Garcimore@minitel.fr,"Hameau du hibours, 50130 Staro Selo"
440,1818,Laurent,Kezman,Laurent.Kezman@hotme.com,"Boulevard de la girafouine, 13370 Staro Selo"
441,529,Louis,Pavlovic,Louis.Pavlovic@minitel.fr,"Rue des bananes, 50130 Montruc"
442,1549,Marc,Cule,Marc.Cule@gjunk.com,"Boulevard de la girafouine, 50130 Staro Selo"
443,808,Bodgan,Maricic,Bodgan.Maricic@gjunk.com,"Avenue des Schtroumps, 50130 Staro Selo"
444,172,Louis,Bouillave,Louis.Bouillave@yopmail.com,"Avenue des Schtroumps, 50130 Cheapbourg"
445,1967,Jeanette,Lazare,Jeanette.Lazare@yopmail.com,"Avenue des Schtroumps, 13370 Montruc"
446,1331,Louis,Testit,Louis.Testit@youpi.com,"Avenue des Schtroumps, 13370 Staro Selo"
447,825,Laurence,Pigox,Laurence.Pigox@hotme.com,"Hameau du hibours, 13370 Montruc"
448,1713,Mamadou,Kezman,Mamadou.Kezman@dtc.de,"Avenue des Schtroumps, 1180 Veliko Curan"
449,1115,Laurence,Martin,Laurence.Martin@gjunk.com,"Avenue des Schtroumps, 1180 Montruc"
450,1065,Jean,Pigox,Jean.Pigox@gjunk.com,"Avenue des Schtroumps, 1180 Cheapbourg"
451,1318,Josiane,Pigox,Josiane.Pigox@yopmail.com,"Hameau du hibours, 1180 Staro Selo"
452,1868,Mamadou,Pavlovic,Mamadou.Pavlovic@hotme.com,"Place des curkas, 50130 Cheapbourg"
453,1870,Franck,Pavlovic,Franck.Pavlovic@youpi.com,"Rue des bananes, 50130 Staro Selo"
454,1237,Laurence,Testit,Laurence.Testit@youpi.com,"Hameau du hibours, 13370 Veliko Curan"
455,1743,Laurent,Pigox,Laurent.Pigox@yopmail.com,"Hameau du hibours, 50130 Cheapbourg"
456,1684,Louis,Cule,Louis.Cule@minitel.fr,"Boulevard de la girafouine, 50130 Staro Selo"
457,1867,Louis,Pavlovic,Louis.Pavlovic@gjunk.com,"Avenue des Schtroumps, 50130 Montruc"
458,1860,Bodgan,Garcimore,Bodgan.Garcimore@minitel.fr,"Hameau du hibours, 1180 Montruc"
459,946,Franck,Garcimore,Franck.Garcimore@gjunk.com,"Place des curkas, 50130 Veliko Curan"
460,1081,Laurent,Garcimore,Laurent.Garcimore@yopmail.com,"Boulevard de la girafouine, 13370 Cheapbourg"
461,2010,Bodgan,Bouillave,Bodgan.Bouillave@yopmail.com,"Rue des bananes, 13370 Cheapbourg"
462,1728,Jeanette,Cule,Jeanette.Cule@youpi.com,"Avenue des Schtroumps, 13370 Staro Selo"
463,742,Jeanette,Martin,Jeanette.Martin@youpi.com,"Hameau du hibours, 50130 Veliko Curan"
464,1409,Franck,Pavlovic,Franck.Pavlovic@hotme.com,"Avenue des Schtroumps, 50130 Staro Selo"
465,1943,Laurence,Bouillave,Laurence.Bouillave@gjunk.com,"Hameau du hibours, 1180 Staro Selo"
466,1600,Laurent,Kezman,Laurent.Kezman@youpi.com,"Boulevard de la girafouine, 50130 Montruc"
467,1963,Louis,Bouillave,Louis.Bouillave@yopmail.com,"Boulevard de la girafouine, 1180 Cheapbourg"
468,1768,Mamadou,Martin,Mamadou.Martin@hotme.com,"Avenue des Schtroumps, 50130 Montruc"
469,1828,Laurence,Garcimore,Laurence.Garcimore@yopmail.com,"Hameau du hibours, 1180 Cheapbourg"
470,304,Laurent,Martin,Laurent.Martin@youpi.com,"Avenue des Schtroumps, 50130 Montruc"
471,1312,Laurent,Testit,Laurent.Testit@minitel.fr,"Place des curkas, 1180 Veliko Curan"
472,1723,Laurence,Kezman,Laurence.Kezman@minitel.fr,"Boulevard de la girafouine, 50130 Montruc"
473,1974,Bodgan,Martin,Bodgan.Martin@gjunk.com,"Place des curkas, 1180 Staro Selo"
474,1110,Mamadou,Kezman,Mamadou.Kezman@youpi.com,"Avenue des Schtroumps, 1180 Veliko Curan"
475,1781,Bodgan,Pavlovic,Bodgan.Pavlovic@dtc.de,"Hameau du hibours, 1180 Staro Selo"
476,1489,Louis,Lazare,Louis.Lazare@gjunk.com,"Rue des bananes, 13370 Veliko Curan"
477,1494,Josiane,Maricic,Josiane.Maricic@dtc.de,"Boulevard de la girafouine, 1180 Staro Selo"
478,1769,Louis,Maricic,Louis.Maricic@yopmail.com,"Rue des bananes, 50130 Cheapbourg"
479,1085,Laurent,Lazare,Laurent.Lazare@youpi.com,"Place des curkas, 13370 Montruc"
480,181,Franck,Pigox,Franck.Pigox@hotme.com,"Rue des bananes, 13370 Veliko Curan"
481,102,Jean,Maricic,Jean.Maricic@gjunk.com,"Rue des bananes, 1180 Staro Selo"
482,1747,Bodgan,Lazare,Bodgan.Lazare@hotme.com,"Avenue des Schtroumps, 13370 Montruc"
483,923,Franck,Lazare,Franck.Lazare@yopmail.com,"Hameau du hibours, 13370 Montruc"
484,93,Laurent,Kezman,Laurent.Kezman@yopmail.com,"Rue des bananes, 50130 Cheapbourg"
485,2019,Marc,Pigox,Marc.Pigox@yopmail.com,"Avenue des Schtroumps, 13370 Cheapbourg"
486,1035,Jeanette,Martin,Jeanette.Martin@dtc.de,"Avenue des Schtroumps, 1180 Staro Selo"
487,1496,Josiane,Kezman,Josiane.Kezman@yopmail.com,"Rue des bananes, 13370 Staro Selo"
488,1885,Laurent,Bouillave,Laurent.Bouillave@youpi.com,"Place des curkas, 13370 Veliko Curan"
489,1805,Laurence,Pigox,Laurence.Pigox@dtc.de,"Place des curkas, 13370 Montruc"
490,1473,Josiane,Bouillave,Josiane.Bouillave@yopmail.com,"Boulevard de la girafouine, 50130 Staro Selo"
491,1750,Laurence,Lazare,Laurence.Lazare@minitel.fr,"Avenue des Schtroumps, 13370 Veliko Curan"
492,1959,Laurent,Pavlovic,Laurent.Pavlovic@yopmail.com,"Avenue des Schtroumps, 50130 Cheapbourg"
493,83,Bodgan,Pavlovic,Bodgan.Pavlovic@yopmail.com,"Avenue des Schtroumps, 1180 Staro Selo"
494,1189,Josiane,Garcimore,Josiane.Garcimore@hotme.com,"Rue des bananes, 50130 Staro Selo"
495,1901,Laurence,Martin,Laurence.Martin@gjunk.com,"Hameau du hibours, 13370 Cheapbourg"
496,1208,Jean,Cule,Jean.Cule@hotme.com,"Place des curkas, 50130 Montruc"
497,1435,Franck,Martin,Franck.Martin@youpi.com,"Rue des bananes, 50130 Montruc"
498,592,Louis,Cule,Louis.Cule@yopmail.com,"Avenue des Schtroumps, 50130 Cheapbourg"
499,997,Laurent,Martin,Laurent.Martin@hotme.com,"Boulevard de la girafouine, 1180 Staro Selo"
500,1266,Josiane,Lazare,Josiane.Lazare@minitel.fr,"Rue des bananes, 50130 Cheapbourg"
501,273,Laurence,Garcimore,Laurence.Garcimore@minitel.fr,"Place des curkas, 1180 Montruc"
502,104,Bodgan,Bouillave,Bodgan.Bouillave@gjunk.com,"Boulevard de la girafouine, 1180 Staro Selo"
503,1736,Bodgan,Bouillave,Bodgan.Bouillave@yopmail.com,"Place des curkas, 50130 Veliko Curan"
504,1753,Laurence,Cule,Laurence.Cule@yopmail.com,"Hameau du hibours, 13370 Veliko Curan"
505,1987,Marc,Maricic,Marc.Maricic@youpi.com,"Boulevard de la girafouine, 13370 Montruc"
506,1190,Marc,Pigox,Marc.Pigox@yopmail.com,"Rue des bananes, 1180 Montruc"
507,1835,Laurent,Cule,Laurent.Cule@minitel.fr,"Place des curkas, 50130 Staro Selo"
508,1313,Bodgan,Cule,Bodgan.Cule@dtc.de,"Boulevard de la girafouine, 50130 Staro Selo"
509,1669,Laurence,Pigox,Laurence.Pigox@hotme.com,"Rue des bananes, 13370 Staro Selo"
510,1823,Laurence,Testit,Laurence.Testit@hotme.com,"Place des curkas, 50130 Staro Selo"
511,1770,Laurence,Kezman,Laurence.Kezman@gjunk.com,"Avenue des Schtroumps, 50130 Cheapbourg"
512,1952,Franck,Lazare,Franck.Lazare@minitel.fr,"Place des curkas, 13370 Veliko Curan"
513,1873,Bodgan,Garcimore,Bodgan.Garcimore@yopmail.com,"Hameau du hibours, 1180 Veliko Curan"
514,3212,Jean,Testit,Jean.Testit@yopmail.com,"Avenue des Schtroumps, 13370 Montruc"
515,1088,Mamadou,Maricic,Mamadou.Maricic@gjunk.com,"Hameau du hibours, 50130 Veliko Curan"
516,1329,Jean,Lazare,Jean.Lazare@youpi.com,"Boulevard de la girafouine, 1180 Montruc"
517,1226,Laurent,Martin,Laurent.Martin@gjunk.com,"Boulevard de la girafouine, 50130 Montruc"
518,1290,Bodgan,Pigox,Bodgan.Pigox@gjunk.com,"Rue des bananes, 13370 Veliko Curan"
519,1671,Jean,Martin,Jean.Martin@minitel.fr,"Boulevard de la girafouine, 50130 Cheapbourg"
520,3595,Louis,Kezman,Louis.Kezman@hotme.com,"Place des curkas, 50130 Veliko Curan"
521,2013,Laurent,Testit,Laurent.Testit@gjunk.com,"Rue des bananes, 1180 Staro Selo"
522,972,Laurent,Testit,Laurent.Testit@gjunk.com,"Boulevard de la girafouine, 50130 Montruc"
523,1028,Laurence,Pigox,Laurence.Pigox@gjunk.com,"Hameau du hibours, 50130 Cheapbourg"
524,1639,Josiane,Maricic,Josiane.Maricic@dtc.de,"Avenue des Schtroumps, 13370 Staro Selo"
525,1567,Josiane,Pigox,Josiane.Pigox@minitel.fr,"Place des curkas, 1180 Veliko Curan"
526,1821,Laurence,Maricic,Laurence.Maricic@dtc.de,"Avenue des Schtroumps, 1180 Staro Selo"
527,1535,Louis,Kezman,Louis.Kezman@dtc.de,"Boulevard de la girafouine, 1180 Staro Selo"
528,1793,Louis,Testit,Louis.Testit@yopmail.com,"Hameau du hibours, 50130 Montruc"
529,1103,Jeanette,Cule,Jeanette.Cule@minitel.fr,"Rue des bananes, 50130 Montruc"
530,988,Bodgan,Kezman,Bodgan.Kezman@youpi.com,"Hameau du hibours, 13370 Veliko Curan"
531,3561,Laurence,Pigox,Laurence.Pigox@youpi.com,"Place des curkas, 1180 Veliko Curan"
532,250,Laurent,Cule,Laurent.Cule@yopmail.com,"Hameau du hibours, 13370 Staro Selo"
533,106,Josiane,Bouillave,Josiane.Bouillave@yopmail.com,"Rue des bananes, 13370 Veliko Curan"
534,1872,Jean,Testit,Jean.Testit@yopmail.com,"Rue des bananes, 50130 Staro Selo"
535,3802,Franck,Cule,Franck.Cule@minitel.fr,"Rue des bananes, 1180 Veliko Curan"
536,1928,Jeanette,Pigox,Jeanette.Pigox@dtc.de,"Avenue des Schtroumps, 1180 Cheapbourg"
537,1589,Jeanette,Maricic,Jeanette.Maricic@youpi.com,"Avenue des Schtroumps, 13370 Cheapbourg"
538,385,Marc,Garcimore,Marc.Garcimore@hotme.com,"Rue des bananes, 13370 Staro Selo"
539,1183,Bodgan,Garcimore,Bodgan.Garcimore@youpi.com,"Hameau du hibours, 1180 Veliko Curan"
540,1439,Louis,Testit,Louis.Testit@minitel.fr,"Place des curkas, 50130 Veliko Curan"
541,1663,Franck,Pavlovic,Franck.Pavlovic@gjunk.com,"Boulevard de la girafouine, 13370 Cheapbourg"
542,1824,Laurence,Cule,Laurence.Cule@hotme.com,"Rue des bananes, 50130 Staro Selo"
543,1553,Marc,Kezman,Marc.Kezman@yopmail.com,"Place des curkas, 1180 Montruc"
544,1169,Marc,Cule,Marc.Cule@yopmail.com,"Avenue des Schtroumps, 13370 Staro Selo"
545,1855,Laurence,Garcimore,Laurence.Garcimore@yopmail.com,"Avenue des Schtroumps, 13370 Montruc"
546,3805,Bodgan,Martin,Bodgan.Martin@yopmail.com,"Avenue des Schtroumps, 13370 Montruc"
547,1574,Marc,Cule,Marc.Cule@hotme.com,"Avenue des Schtroumps, 50130 Montruc"
548,1268,Bodgan,Pigox,Bodgan.Pigox@dtc.de,"Place des curkas, 1180 Veliko Curan"
549,1522,Josiane,Kezman,Josiane.Kezman@minitel.fr,"Boulevard de la girafouine, 1180 Staro Selo"
550,1279,Bodgan,Bouillave,Bodgan.Bouillave@yopmail.com,"Place des curkas, 50130 Staro Selo"
551,425,Franck,Testit,Franck.Testit@dtc.de,"Hameau du hibours, 1180 Cheapbourg"
552,1680,Mamadou,Garcimore,Mamadou.Garcimore@yopmail.com,"Place des curkas, 1180 Staro Selo"
553,1944,Jean,Martin,Jean.Martin@hotme.com,"Avenue des Schtroumps, 50130 Staro Selo"
554,1181,Laurent,Pavlovic,Laurent.Pavlovic@dtc.de,"Hameau du hibours, 50130 Staro Selo"
555,1303,Jeanette,Pavlovic,Jeanette.Pavlovic@gjunk.com,"Avenue des Schtroumps, 50130 Staro Selo"
556,1059,Jean,Kezman,Jean.Kezman@minitel.fr,"Rue des bananes, 50130 Cheapbourg"
557,1645,Mamadou,Pavlovic,Mamadou.Pavlovic@yopmail.com,"Avenue des Schtroumps, 1180 Montruc"
558,1316,Laurence,Pigox,Laurence.Pigox@yopmail.com,"Rue des bananes, 13370 Staro Selo"
559,2006,Jean,Martin,Jean.Martin@yopmail.com,"Rue des bananes, 13370 Staro Selo"
560,1010,Mamadou,Martin,Mamadou.Martin@minitel.fr,"Hameau du hibours, 1180 Cheapbourg"
561,1897,Jean,Bouillave,Jean.Bouillave@minitel.fr,"Place des curkas, 1180 Cheapbourg"
562,508,Bodgan,Lazare,Bodgan.Lazare@yopmail.com,"Place des curkas, 1180 Veliko Curan"
563,1239,Franck,Testit,Franck.Testit@dtc.de,"Boulevard de la girafouine, 50130 Staro Selo"
564,269,Marc,Maricic,Marc.Maricic@youpi.com,"Boulevard de la girafouine, 50130 Montruc"
565,981,Marc,Bouillave,Marc.Bouillave@hotme.com,"Boulevard de la girafouine, 50130 Veliko Curan"
566,1069,Laurent,Garcimore,Laurent.Garcimore@dtc.de,"Hameau du hibours, 50130 Montruc"
567,1973,Laurence,Martin,Laurence.Martin@hotme.com,"Hameau du hibours, 50130 Montruc"
568,1404,Franck,Maricic,Franck.Maricic@hotme.com,"Hameau du hibours, 13370 Cheapbourg"
569,902,Jeanette,Testit,Jeanette.Testit@gjunk.com,"Hameau du hibours, 1180 Cheapbourg"
570,1182,Bodgan,Pigox,Bodgan.Pigox@dtc.de,"Boulevard de la girafouine, 13370 Cheapbourg"
571,1787,Franck,Bouillave,Franck.Bouillave@dtc.de,"Place des curkas, 13370 Cheapbourg"
572,1371,Josiane,Bouillave,Josiane.Bouillave@youpi.com,"Boulevard de la girafouine, 13370 Cheapbourg"
573,1706,Marc,Testit,Marc.Testit@dtc.de,"Hameau du hibours, 1180 Staro Selo"
574,1968,Marc,Lazare,Marc.Lazare@minitel.fr,"Hameau du hibours, 50130 Cheapbourg"
575,1332,Laurence,Lazare,Laurence.Lazare@hotme.com,"Place des curkas, 13370 Cheapbourg"
576,1372,Louis,Martin,Louis.Martin@minitel.fr,"Avenue des Schtroumps, 13370 Montruc"
577,1238,Marc,Martin,Marc.Martin@gjunk.com,"Rue des bananes, 1180 Veliko Curan"
578,948,Franck,Martin,Franck.Martin@yopmail.com,"Avenue des Schtroumps, 13370 Cheapbourg"
579,3823,Bodgan,Pigox,Bodgan.Pigox@youpi.com,"Avenue des Schtroumps, 50130 Veliko Curan"
580,1049,Josiane,Testit,Josiane.Testit@dtc.de,"Boulevard de la girafouine, 1180 Cheapbourg"
581,1350,Laurence,Pigox,Laurence.Pigox@minitel.fr,"Place des curkas, 1180 Cheapbourg"
582,1811,Laurence,Garcimore,Laurence.Garcimore@hotme.com,"Boulevard de la girafouine, 1180 Veliko Curan"
583,1875,Laurent,Testit,Laurent.Testit@hotme.com,"Place des curkas, 50130 Veliko Curan"
584,1788,Laurent,Pigox,Laurent.Pigox@hotme.com,"Hameau du hibours, 50130 Staro Selo"
585,1851,Franck,Kezman,Franck.Kezman@yopmail.com,"Hameau du hibours, 13370 Cheapbourg"
586,1616,Franck,Testit,Franck.Testit@gjunk.com,"Hameau du hibours, 1180 Montruc"
587,1737,Mamadou,Pavlovic,Mamadou.Pavlovic@minitel.fr,"Place des curkas, 50130 Cheapbourg"
588,1729,Laurent,Pavlovic,Laurent.Pavlovic@dtc.de,"Hameau du hibours, 50130 Staro Selo"
589,1742,Josiane,Kezman,Josiane.Kezman@youpi.com,"Avenue des Schtroumps, 13370 Cheapbourg"
590,1451,Mamadou,Pigox,Mamadou.Pigox@gjunk.com,"Place des curkas, 13370 Staro Selo"
591,1700,Jeanette,Lazare,Jeanette.Lazare@minitel.fr,"Rue des bananes, 1180 Staro Selo"
592,1920,Louis,Pigox,Louis.Pigox@yopmail.com,"Hameau du hibours, 1180 Montruc"
593,1478,Franck,Lazare,Franck.Lazare@minitel.fr,"Avenue des Schtroumps, 13370 Veliko Curan"
594,858,Bodgan,Pavlovic,Bodgan.Pavlovic@hotme.com,"Boulevard de la girafouine, 13370 Montruc"
595,1359,Bodgan,Cule,Bodgan.Cule@yopmail.com,"Rue des bananes, 13370 Cheapbourg"
596,1797,Laurent,Kezman,Laurent.Kezman@youpi.com,"Avenue des Schtroumps, 13370 Montruc"
597,1349,Laurence,Kezman,Laurence.Kezman@hotme.com,"Hameau du hibours, 1180 Veliko Curan"
598,1143,Louis,Maricic,Louis.Maricic@hotme.com,"Rue des bananes, 1180 Veliko Curan"
599,967,Jean,Testit,Jean.Testit@yopmail.com,"Place des curkas, 50130 Veliko Curan"
600,4276,Mamadou,Maricic,Mamadou.Maricic@gjunk.com,"Place des curkas, 13370 Staro Selo"
601,1676,Louis,Cule,Louis.Cule@minitel.fr,"Hameau du hibours, 13370 Montruc"
602,1098,Jeanette,Kezman,Jeanette.Kezman@minitel.fr,"Boulevard de la girafouine, 50130 Staro Selo"
603,3744,Laurent,Testit,Laurent.Testit@yopmail.com,"Hameau du hibours, 50130 Montruc"
604,1511,Mamadou,Garcimore,Mamadou.Garcimore@yopmail.com,"Boulevard de la girafouine, 1180 Staro Selo"
605,1551,Marc,Bouillave,Marc.Bouillave@youpi.com,"Rue des bananes, 13370 Veliko Curan"
606,1133,Louis,Lazare,Louis.Lazare@minitel.fr,"Boulevard de la girafouine, 13370 Montruc"
607,1983,Laurent,Pavlovic,Laurent.Pavlovic@dtc.de,"Boulevard de la girafouine, 13370 Staro Selo"
608,1569,Bodgan,Testit,Bodgan.Testit@hotme.com,"Rue des bananes, 13370 Montruc"
609,147,Jean,Garcimore,Jean.Garcimore@gjunk.com,"Hameau du hibours, 13370 Montruc"
610,1715,Marc,Bouillave,Marc.Bouillave@yopmail.com,"Hameau du hibours, 1180 Cheapbourg"
611,781,Louis,Garcimore,Louis.Garcimore@youpi.com,"Hameau du hibours, 13370 Montruc"
612,1422,Laurence,Garcimore,Laurence.Garcimore@yopmail.com,"Place des curkas, 13370 Veliko Curan"
613,1883,Franck,Pigox,Franck.Pigox@minitel.fr,"Avenue des Schtroumps, 13370 Staro Selo"
614,1090,Josiane,Kezman,Josiane.Kezman@dtc.de,"Boulevard de la girafouine, 1180 Staro Selo"
615,1399,Franck,Testit,Franck.Testit@youpi.com,"Hameau du hibours, 13370 Montruc"
616,1871,Jean,Pigox,Jean.Pigox@youpi.com,"Avenue des Schtroumps, 50130 Montruc"
617,1712,Laurence,Garcimore,Laurence.Garcimore@yopmail.com,"Avenue des Schtroumps, 50130 Montruc"
618,1966,Laurent,Testit,Laurent.Testit@youpi.com,"Avenue des Schtroumps, 50130 Staro Selo"
619,985,Jeanette,Garcimore,Jeanette.Garcimore@dtc.de,"Rue des bananes, 1180 Staro Selo"
620,1975,Jeanette,Maricic,Jeanette.Maricic@yopmail.com,"Avenue des Schtroumps, 1180 Montruc"
621,522,Mamadou,Pigox,Mamadou.Pigox@hotme.com,"Rue des bananes, 50130 Cheapbourg"
622,1692,Josiane,Maricic,Josiane.Maricic@dtc.de,"Rue des bananes, 1180 Veliko Curan"
623,1866,Louis,Testit,Louis.Testit@dtc.de,"Rue des bananes, 50130 Veliko Curan"
624,1080,Louis,Testit,Louis.Testit@hotme.com,"Place des curkas, 13370 Staro Selo"
625,310,Franck,Garcimore,Franck.Garcimore@hotme.com,"Rue des bananes, 50130 Veliko Curan"
626,1810,Laurent,Cule,Laurent.Cule@dtc.de,"Rue des bananes, 50130 Veliko Curan"
627,1682,Marc,Bouillave,Marc.Bouillave@minitel.fr,"Boulevard de la girafouine, 50130 Cheapbourg"
628,1784,Laurent,Cule,Laurent.Cule@gjunk.com,"Place des curkas, 13370 Veliko Curan"
629,1432,Jean,Testit,Jean.Testit@minitel.fr,"Place des curkas, 50130 Montruc"
630,951,Bodgan,Kezman,Bodgan.Kezman@hotme.com,"Rue des bananes, 50130 Staro Selo"
631,1210,Franck,Martin,Franck.Martin@hotme.com,"Avenue des Schtroumps, 50130 Montruc"
632,1107,Marc,Lazare,Marc.Lazare@yopmail.com,"Avenue des Schtroumps, 50130 Cheapbourg"
633,3881,Laurence,Testit,Laurence.Testit@youpi.com,"Place des curkas, 13370 Veliko Curan"
634,1780,Bodgan,Bouillave,Bodgan.Bouillave@yopmail.com,"Rue des bananes, 13370 Veliko Curan"
635,1362,Josiane,Pavlovic,Josiane.Pavlovic@gjunk.com,"Rue des bananes, 50130 Veliko Curan"
636,1922,Mamadou,Martin,Mamadou.Martin@youpi.com,"Rue des bananes, 13370 Cheapbourg"
637,1449,Jeanette,Martin,Jeanette.Martin@yopmail.com,"Rue des bananes, 1180 Montruc"
638,1267,Laurent,Lazare,Laurent.Lazare@hotme.com,"Place des curkas, 13370 Cheapbourg"
639,872,Jeanette,Pavlovic,Jeanette.Pavlovic@dtc.de,"Rue des bananes, 1180 Staro Selo"
640,1282,Franck,Pavlovic,Franck.Pavlovic@youpi.com,"Hameau du hibours, 1180 Montruc"
641,1941,Bodgan,Bouillave,Bodgan.Bouillave@youpi.com,"Boulevard de la girafouine, 50130 Montruc"
642,1420,Franck,Pavlovic,Franck.Pavlovic@minitel.fr,"Place des curkas, 1180 Montruc"
643,1720,Bodgan,Martin,Bodgan.Martin@minitel.fr,"Rue des bananes, 50130 Veliko Curan"
644,1817,Josiane,Pavlovic,Josiane.Pavlovic@dtc.de,"Boulevard de la girafouine, 1180 Cheapbourg"
645,1782,Josiane,Bouillave,Josiane.Bouillave@hotme.com,"Boulevard de la girafouine, 13370 Veliko Curan"
646,1204,Jean,Martin,Jean.Martin@youpi.com,"Place des curkas, 13370 Staro Selo"
647,1910,Jean,Martin,Jean.Martin@minitel.fr,"Avenue des Schtroumps, 1180 Veliko Curan"
648,963,Laurence,Bouillave,Laurence.Bouillave@hotme.com,"Rue des bananes, 1180 Montruc"
649,1898,Mamadou,Cule,Mamadou.Cule@gjunk.com,"Avenue des Schtroumps, 50130 Veliko Curan"
650,1623,Jean,Pigox,Jean.Pigox@hotme.com,"Place des curkas, 13370 Veliko Curan"
651,2528,Bodgan,Pavlovic,Bodgan.Pavlovic@youpi.com,"Place des curkas, 13370 Cheapbourg"
652,1783,Franck,Cule,Franck.Cule@youpi.com,"Place des curkas, 13370 Veliko Curan"
653,1827,Laurence,Pigox,Laurence.Pigox@youpi.com,"Hameau du hibours, 1180 Staro Selo"
654,1642,Jeanette,Bouillave,Jeanette.Bouillave@hotme.com,"Rue des bananes, 1180 Cheapbourg"
655,1339,Jean,Kezman,Jean.Kezman@hotme.com,"Place des curkas, 50130 Cheapbourg"
656,1852,Jeanette,Lazare,Jeanette.Lazare@yopmail.com,"Rue des bananes, 1180 Montruc"
657,862,Franck,Testit,Franck.Testit@minitel.fr,"Avenue des Schtroumps, 1180 Montruc"
658,1554,Mamadou,Martin,Mamadou.Martin@yopmail.com,"Boulevard de la girafouine, 1180 Staro Selo"
659,849,Laurent,Bouillave,Laurent.Bouillave@dtc.de,"Avenue des Schtroumps, 13370 Cheapbourg"
660,1370,Bodgan,Cule,Bodgan.Cule@yopmail.com,"Avenue des Schtroumps, 1180 Staro Selo"
661,1978,Marc,Pavlovic,Marc.Pavlovic@minitel.fr,"Boulevard de la girafouine, 50130 Veliko Curan"
662,969,Jean,Pigox,Jean.Pigox@yopmail.com,"Boulevard de la girafouine, 50130 Staro Selo"
663,1216,Jeanette,Cule,Jeanette.Cule@hotme.com,"Boulevard de la girafouine, 1180 Veliko Curan"
664,1227,Jeanette,Pigox,Jeanette.Pigox@dtc.de,"Hameau du hibours, 1180 Cheapbourg"
665,675,Jeanette,Pavlovic,Jeanette.Pavlovic@dtc.de,"Boulevard de la girafouine, 50130 Veliko Curan"
666,1374,Laurence,Maricic,Laurence.Maricic@gjunk.com,"Boulevard de la girafouine, 13370 Veliko Curan"
667,1919,Laurent,Kezman,Laurent.Kezman@hotme.com,"Rue des bananes, 50130 Staro Selo"
668,1759,Laurence,Lazare,Laurence.Lazare@gjunk.com,"Avenue des Schtroumps, 50130 Veliko Curan"
669,1850,Josiane,Martin,Josiane.Martin@minitel.fr,"Boulevard de la girafouine, 13370 Montruc"
670,533,Franck,Pigox,Franck.Pigox@yopmail.com,"Rue des bananes, 1180 Cheapbourg"
671,2319,Bodgan,Bouillave,Bodgan.Bouillave@dtc.de,"Place des curkas, 50130 Cheapbourg"
672,1916,Jeanette,Testit,Jeanette.Testit@dtc.de,"Boulevard de la girafouine, 1180 Montruc"
673,1556,Josiane,Lazare,Josiane.Lazare@minitel.fr,"Place des curkas, 50130 Veliko Curan"
674,1346,Marc,Bouillave,Marc.Bouillave@youpi.com,"Avenue des Schtroumps, 50130 Montruc"
675,1945,Josiane,Kezman,Josiane.Kezman@hotme.com,"Boulevard de la girafouine, 13370 Montruc"
676,1627,Franck,Testit,Franck.Testit@yopmail.com,"Place des curkas, 13370 Veliko Curan"
677,1165,Laurence,Lazare,Laurence.Lazare@yopmail.com,"Hameau du hibours, 13370 Cheapbourg"
678,1320,Jean,Kezman,Jean.Kezman@minitel.fr,"Hameau du hibours, 13370 Staro Selo"
679,1323,Louis,Testit,Louis.Testit@dtc.de,"Avenue des Schtroumps, 13370 Staro Selo"
680,1101,Jean,Lazare,Jean.Lazare@youpi.com,"Place des curkas, 1180 Montruc"
681,1477,Marc,Bouillave,Marc.Bouillave@hotme.com,"Rue des bananes, 13370 Montruc"
682,1061,Jeanette,Maricic,Jeanette.Maricic@youpi.com,"Hameau du hibours, 50130 Veliko Curan"
683,2274,Josiane,Testit,Josiane.Testit@gjunk.com,"Boulevard de la girafouine, 50130 Veliko Curan"
684,1666,Laurent,Martin,Laurent.Martin@youpi.com,"Place des curkas, 50130 Veliko Curan"
685,939,Laurent,Bouillave,Laurent.Bouillave@dtc.de,"Rue des bananes, 13370 Staro Selo"
686,1002,Bodgan,Kezman,Bodgan.Kezman@yopmail.com,"Place des curkas, 50130 Veliko Curan"
687,1749,Jean,Garcimore,Jean.Garcimore@hotme.com,"Avenue des Schtroumps, 13370 Veliko Curan"
688,1882,Jeanette,Martin,Jeanette.Martin@yopmail.com,"Hameau du hibours, 1180 Montruc"
689,1771,Laurent,Pavlovic,Laurent.Pavlovic@yopmail.com,"Avenue des Schtroumps, 50130 Cheapbourg"
690,974,Josiane,Bouillave,Josiane.Bouillave@hotme.com,"Boulevard de la girafouine, 1180 Cheapbourg"
691,2351,Louis,Bouillave,Louis.Bouillave@youpi.com,"Rue des bananes, 13370 Cheapbourg"
692,2754,Mamadou,Garcimore,Mamadou.Garcimore@minitel.fr,"Rue des bananes, 1180 Staro Selo"
693,1177,Louis,Bouillave,Louis.Bouillave@yopmail.com,"Place des curkas, 50130 Cheapbourg"
694,1936,Louis,Maricic,Louis.Maricic@minitel.fr,"Hameau du hibours, 50130 Montruc"
695,1933,Jean,Maricic,Jean.Maricic@hotme.com,"Avenue des Schtroumps, 13370 Veliko Curan"
696,1632,Laurence,Lazare,Laurence.Lazare@minitel.fr,"Boulevard de la girafouine, 1180 Montruc"
697,1011,Franck,Pavlovic,Franck.Pavlovic@youpi.com,"Hameau du hibours, 13370 Montruc"
698,1406,Marc,Maricic,Marc.Maricic@gjunk.com,"Place des curkas, 13370 Staro Selo"
699,1688,Jeanette,Kezman,Jeanette.Kezman@youpi.com,"Avenue des Schtroumps, 1180 Montruc"
700,1021,Josiane,Lazare,Josiane.Lazare@gjunk.com,"Rue des bananes, 13370 Veliko Curan"
701,1355,Franck,Kezman,Franck.Kezman@hotme.com,"Place des curkas, 1180 Montruc"
702,1690,Jeanette,Pigox,Jeanette.Pigox@gjunk.com,"Place des curkas, 50130 Staro Selo"
703,999,Franck,Pavlovic,Franck.Pavlovic@dtc.de,"Hameau du hibours, 13370 Montruc"
704,1036,Josiane,Garcimore,Josiane.Garcimore@minitel.fr,"Rue des bananes, 13370 Staro Selo"
705,1643,Bodgan,Cule,Bodgan.Cule@hotme.com,"Boulevard de la girafouine, 50130 Veliko Curan"
706,753,Jean,Kezman,Jean.Kezman@minitel.fr,"Rue des bananes, 1180 Montruc"
707,1989,Mamadou,Lazare,Mamadou.Lazare@dtc.de,"Hameau du hibours, 13370 Veliko Curan"
708,1020,Jeanette,Testit,Jeanette.Testit@yopmail.com,"Avenue des Schtroumps, 1180 Staro Selo"
709,876,Josiane,Martin,Josiane.Martin@hotme.com,"Avenue des Schtroumps, 1180 Cheapbourg"
710,1707,Jean,Bouillave,Jean.Bouillave@yopmail.com,"Rue des bananes, 50130 Cheapbourg"
711,1876,Marc,Pavlovic,Marc.Pavlovic@gjunk.com,"Rue des bananes, 13370 Montruc"
712,89,Louis,Maricic,Louis.Maricic@yopmail.com,"Avenue des Schtroumps, 13370 Cheapbourg"
713,1274,Jeanette,Kezman,Jeanette.Kezman@dtc.de,"Avenue des Schtroumps, 1180 Staro Selo"
714,1094,Jeanette,Cule,Jeanette.Cule@hotme.com,"Hameau du hibours, 13370 Staro Selo"
715,1144,Jeanette,Cule,Jeanette.Cule@dtc.de,"Boulevard de la girafouine, 13370 Cheapbourg"
716,1790,Franck,Cule,Franck.Cule@dtc.de,"Place des curkas, 13370 Montruc"
717,1336,Mamadou,Testit,Mamadou.Testit@gjunk.com,"Boulevard de la girafouine, 50130 Montruc"
718,3523,Louis,Pavlovic,Louis.Pavlovic@yopmail.com,"Boulevard de la girafouine, 13370 Montruc"
719,1436,Jean,Testit,Jean.Testit@dtc.de,"Hameau du hibours, 50130 Cheapbourg"
720,1930,Louis,Pigox,Louis.Pigox@hotme.com,"Boulevard de la girafouine, 13370 Staro Selo"
721,1558,Mamadou,Pavlovic,Mamadou.Pavlovic@hotme.com,"Boulevard de la girafouine, 1180 Cheapbourg"
722,1777,Laurence,Garcimore,Laurence.Garcimore@yopmail.com,"Place des curkas, 13370 Veliko Curan"
723,188,Louis,Pigox,Louis.Pigox@youpi.com,"Boulevard de la girafouine, 1180 Montruc"
724,1287,Marc,Cule,Marc.Cule@dtc.de,"Rue des bananes, 50130 Staro Selo"
725,1170,Marc,Garcimore,Marc.Garcimore@minitel.fr,"Boulevard de la girafouine, 1180 Montruc"
726,469,Josiane,Kezman,Josiane.Kezman@hotme.com,"Rue des bananes, 13370 Staro Selo"
727,1951,Jean,Maricic,Jean.Maricic@yopmail.com,"Rue des bananes, 13370 Cheapbourg"
728,1180,Mamadou,Cule,Mamadou.Cule@yopmail.com,"Place des curkas, 13370 Cheapbourg"
729,1869,Louis,Bouillave,Louis.Bouillave@gjunk.com,"Avenue des Schtroumps, 13370 Montruc"
730,1815,Louis,Bouillave,Louis.Bouillave@dtc.de,"Boulevard de la girafouine, 13370 Veliko Curan"
731,1530,Louis,Maricic,Louis.Maricic@gjunk.com,"Hameau du hibours, 50130 Staro Selo"
732,1416,Bodgan,Bouillave,Bodgan.Bouillave@hotme.com,"Boulevard de la girafouine, 1180 Cheapbourg"
733,1849,Jean,Pigox,Jean.Pigox@dtc.de,"Place des curkas, 50130 Cheapbourg"
734,1154,Franck,Testit,Franck.Testit@youpi.com,"Place des curkas, 1180 Staro Selo"
735,913,Bodgan,Cule,Bodgan.Cule@dtc.de,"Avenue des Schtroumps, 1180 Montruc"
736,1003,Louis,Cule,Louis.Cule@minitel.fr,"Avenue des Schtroumps, 50130 Veliko Curan"
737,975,Josiane,Pavlovic,Josiane.Pavlovic@yopmail.com,"Rue des bananes, 1180 Staro Selo"
738,1786,Laurent,Lazare,Laurent.Lazare@dtc.de,"Rue des bananes, 50130 Veliko Curan"
739,1763,Jean,Testit,Jean.Testit@youpi.com,"Hameau du hibours, 50130 Staro Selo"
740,998,Franck,Pavlovic,Franck.Pavlovic@hotme.com,"Boulevard de la girafouine, 13370 Veliko Curan"
741,760,Marc,Cule,Marc.Cule@youpi.com,"Place des curkas, 13370 Montruc"
742,1727,Laurent,Martin,Laurent.Martin@gjunk.com,"Hameau du hibours, 13370 Montruc"
743,1942,Mamadou,Garcimore,Mamadou.Garcimore@minitel.fr,"Rue des bananes, 1180 Veliko Curan"
744,3078,Jean,Martin,Jean.Martin@minitel.fr,"Rue des bananes, 50130 Cheapbourg"
745,952,Mamadou,Testit,Mamadou.Testit@dtc.de,"Avenue des Schtroumps, 13370 Staro Selo"
746,1938,Bodgan,Garcimore,Bodgan.Garcimore@hotme.com,"Boulevard de la girafouine, 13370 Cheapbourg"
747,1957,Franck,Bouillave,Franck.Bouillave@youpi.com,"Hameau du hibours, 1180 Staro Selo"
748,1905,Josiane,Maricic,Josiane.Maricic@gjunk.com,"Boulevard de la girafouine, 1180 Staro Selo"
749,1857,Laurent,Testit,Laurent.Testit@hotme.com,"Hameau du hibours, 13370 Veliko Curan"
750,1571,Mamadou,Lazare,Mamadou.Lazare@dtc.de,"Place des curkas, 50130 Veliko Curan"
751,1656,Franck,Maricic,Franck.Maricic@dtc.de,"Hameau du hibours, 50130 Staro Selo"
752,1203,Mamadou,Maricic,Mamadou.Maricic@yopmail.com,"Place des curkas, 50130 Veliko Curan"
753,1958,Mamadou,Maricic,Mamadou.Maricic@minitel.fr,"Place des curkas, 50130 Montruc"
754,1468,Jean,Bouillave,Jean.Bouillave@gjunk.com,"Place des curkas, 13370 Cheapbourg"
755,973,Mamadou,Martin,Mamadou.Martin@yopmail.com,"Boulevard de la girafouine, 1180 Cheapbourg"
756,1637,Jeanette,Pavlovic,Jeanette.Pavlovic@youpi.com,"Place des curkas, 1180 Staro Selo"
757,1539,Franck,Pigox,Franck.Pigox@gjunk.com,"Avenue des Schtroumps, 50130 Staro Selo"
758,1859,Jeanette,Garcimore,Jeanette.Garcimore@youpi.com,"Avenue des Schtroumps, 1180 Staro Selo"
759,1498,Jean,Pavlovic,Jean.Pavlovic@minitel.fr,"Rue des bananes, 13370 Staro Selo"
760,1757,Laurent,Bouillave,Laurent.Bouillave@hotme.com,"Hameau du hibours, 50130 Montruc"
761,1013,Laurence,Maricic,Laurence.Maricic@hotme.com,"Rue des bananes, 13370 Staro Selo"
762,1441,Jean,Pavlovic,Jean.Pavlovic@minitel.fr,"Place des curkas, 13370 Cheapbourg"
763,1710,Laurent,Garcimore,Laurent.Garcimore@minitel.fr,"Boulevard de la girafouine, 50130 Cheapbourg"
764,1156,Bodgan,Lazare,Bodgan.Lazare@gjunk.com,"Hameau du hibours, 50130 Staro Selo"
765,1333,Laurent,Lazare,Laurent.Lazare@youpi.com,"Boulevard de la girafouine, 1180 Cheapbourg"
766,1648,Mamadou,Cule,Mamadou.Cule@hotme.com,"Place des curkas, 13370 Veliko Curan"
767,3769,Marc,Kezman,Marc.Kezman@minitel.fr,"Rue des bananes, 1180 Cheapbourg"
768,1129,Jeanette,Garcimore,Jeanette.Garcimore@dtc.de,"Avenue des Schtroumps, 13370 Montruc"
769,1940,Bodgan,Bouillave,Bodgan.Bouillave@minitel.fr,"Avenue des Schtroumps, 50130 Montruc"
770,1191,Jeanette,Testit,Jeanette.Testit@dtc.de,"Place des curkas, 1180 Cheapbourg"
771,1927,Louis,Pavlovic,Louis.Pavlovic@dtc.de,"Boulevard de la girafouine, 1180 Staro Selo"
772,1986,Louis,Maricic,Louis.Maricic@hotme.com,"Place des curkas, 50130 Cheapbourg"
773,968,Marc,Testit,Marc.Testit@dtc.de,"Rue des bananes, 13370 Cheapbourg"
774,1892,Mamadou,Kezman,Mamadou.Kezman@hotme.com,"Place des curkas, 50130 Cheapbourg"
775,1393,Bodgan,Pavlovic,Bodgan.Pavlovic@youpi.com,"Avenue des Schtroumps, 1180 Staro Selo"
776,1325,Laurent,Martin,Laurent.Martin@dtc.de,"Place des curkas, 50130 Staro Selo"
777,1641,Louis,Pavlovic,Louis.Pavlovic@gjunk.com,"Boulevard de la girafouine, 50130 Montruc"
778,1272,Franck,Pavlovic,Franck.Pavlovic@gjunk.com,"Boulevard de la girafouine, 50130 Staro Selo"
779,1702,Franck,Bouillave,Franck.Bouillave@youpi.com,"Hameau du hibours, 1180 Staro Selo"
780,908,Josiane,Lazare,Josiane.Lazare@hotme.com,"Place des curkas, 13370 Staro Selo"
781,1062,Jean,Pigox,Jean.Pigox@dtc.de,"Boulevard de la girafouine, 1180 Cheapbourg"
782,979,Jean,Cule,Jean.Cule@dtc.de,"Boulevard de la girafouine, 1180 Montruc"
783,833,Jean,Maricic,Jean.Maricic@minitel.fr,"Rue des bananes, 1180 Montruc"
784,1459,Laurence,Pavlovic,Laurence.Pavlovic@yopmail.com,"Rue des bananes, 13370 Cheapbourg"
785,583,Louis,Kezman,Louis.Kezman@dtc.de,"Avenue des Schtroumps, 50130 Cheapbourg"
786,1858,Laurent,Maricic,Laurent.Maricic@dtc.de,"Place des curkas, 50130 Montruc"
787,1566,Bodgan,Cule,Bodgan.Cule@minitel.fr,"Rue des bananes, 1180 Veliko Curan"
788,2542,Louis,Pavlovic,Louis.Pavlovic@hotme.com,"Avenue des Schtroumps, 1180 Cheapbourg"
789,1386,Laurence,Bouillave,Laurence.Bouillave@dtc.de,"Place des curkas, 50130 Montruc"
790,1019,Laurence,Lazare,Laurence.Lazare@hotme.com,"Avenue des Schtroumps, 13370 Veliko Curan"
791,1776,Jeanette,Garcimore,Jeanette.Garcimore@hotme.com,"Boulevard de la girafouine, 50130 Montruc"
792,1912,Jeanette,Garcimore,Jeanette.Garcimore@yopmail.com,"Hameau du hibours, 50130 Veliko Curan"
793,1265,Laurence,Maricic,Laurence.Maricic@yopmail.com,"Boulevard de la girafouine, 13370 Staro Selo"
794,1299,Jeanette,Martin,Jeanette.Martin@yopmail.com,"Rue des bananes, 1180 Cheapbourg"
795,1646,Mamadou,Lazare,Mamadou.Lazare@youpi.com,"Avenue des Schtroumps, 13370 Montruc"
796,1628,Laurence,Martin,Laurence.Martin@gjunk.com,"Boulevard de la girafouine, 1180 Montruc"
797,1799,Jean,Bouillave,Jean.Bouillave@gjunk.com,"Hameau du hibours, 50130 Veliko Curan"
798,1703,Marc,Bouillave,Marc.Bouillave@youpi.com,"Boulevard de la girafouine, 1180 Montruc"
